INSERT [dbo].[Departamento] ([idDepartamento], [NombreDepartamento]) VALUES (1, N'AMAZONAS')
INSERT [dbo].[Departamento] ([idDepartamento], [NombreDepartamento]) VALUES (2, N'ANTIOQUIA')
INSERT [dbo].[Departamento] ([idDepartamento], [NombreDepartamento]) VALUES (3, N'ARAUCA')
INSERT [dbo].[Departamento] ([idDepartamento], [NombreDepartamento]) VALUES (4, N'ATL¡NTICO')
INSERT [dbo].[Departamento] ([idDepartamento], [NombreDepartamento]) VALUES (5, N'BOLÕVAR')
INSERT [dbo].[Departamento] ([idDepartamento], [NombreDepartamento]) VALUES (6, N'BOYAC¡')
INSERT [dbo].[Departamento] ([idDepartamento], [NombreDepartamento]) VALUES (7, N'CALDAS')
INSERT [dbo].[Departamento] ([idDepartamento], [NombreDepartamento]) VALUES (8, N'CAQUET¡')
INSERT [dbo].[Departamento] ([idDepartamento], [NombreDepartamento]) VALUES (9, N'CASANARE')
INSERT [dbo].[Departamento] ([idDepartamento], [NombreDepartamento]) VALUES (10, N'CAUCA')
INSERT [dbo].[Departamento] ([idDepartamento], [NombreDepartamento]) VALUES (11, N'CESAR')
INSERT [dbo].[Departamento] ([idDepartamento], [NombreDepartamento]) VALUES (12, N'CHOC”')
INSERT [dbo].[Departamento] ([idDepartamento], [NombreDepartamento]) VALUES (13, N'C”RDOBA')
INSERT [dbo].[Departamento] ([idDepartamento], [NombreDepartamento]) VALUES (14, N'CUNDINAMARCA')
INSERT [dbo].[Departamento] ([idDepartamento], [NombreDepartamento]) VALUES (15, N'GUAINÕA')
INSERT [dbo].[Departamento] ([idDepartamento], [NombreDepartamento]) VALUES (16, N'GUAVIARE')
INSERT [dbo].[Departamento] ([idDepartamento], [NombreDepartamento]) VALUES (17, N'HUILA')
INSERT [dbo].[Departamento] ([idDepartamento], [NombreDepartamento]) VALUES (18, N'LA GUAJIRA')
INSERT [dbo].[Departamento] ([idDepartamento], [NombreDepartamento]) VALUES (19, N'MAGDALENA')
INSERT [dbo].[Departamento] ([idDepartamento], [NombreDepartamento]) VALUES (20, N'META')
INSERT [dbo].[Departamento] ([idDepartamento], [NombreDepartamento]) VALUES (21, N'NARI—O')
INSERT [dbo].[Departamento] ([idDepartamento], [NombreDepartamento]) VALUES (22, N'NORTE DE SANTANDER')
INSERT [dbo].[Departamento] ([idDepartamento], [NombreDepartamento]) VALUES (23, N'PUTUMAYO')
INSERT [dbo].[Departamento] ([idDepartamento], [NombreDepartamento]) VALUES (24, N'QUINDÕO')
INSERT [dbo].[Departamento] ([idDepartamento], [NombreDepartamento]) VALUES (25, N'RISARALDA')
INSERT [dbo].[Departamento] ([idDepartamento], [NombreDepartamento]) VALUES (26, N'SAN ANDR…S Y ROVIDENCIA')
INSERT [dbo].[Departamento] ([idDepartamento], [NombreDepartamento]) VALUES (27, N'SANTANDER')
INSERT [dbo].[Departamento] ([idDepartamento], [NombreDepartamento]) VALUES (28, N'SUCRE')
INSERT [dbo].[Departamento] ([idDepartamento], [NombreDepartamento]) VALUES (29, N'TOLIMA')
INSERT [dbo].[Departamento] ([idDepartamento], [NombreDepartamento]) VALUES (30, N'VALLE DEL CAUCA')
INSERT [dbo].[Departamento] ([idDepartamento], [NombreDepartamento]) VALUES (31, N'VAUP…S')
INSERT [dbo].[Departamento] ([idDepartamento], [NombreDepartamento]) VALUES (32, N'VICHADA')

INSERT [dbo].[Municipio] ([idMunicipio], [idDepartamento], [NombreMunicipio]) VALUES (1, 1, N'EL ENCANTO')
INSERT [dbo].[Municipio] ([idMunicipio], [idDepartamento], [NombreMunicipio]) VALUES (2, 1, N'LA CHORRERA')
INSERT [dbo].[Municipio] ([idMunicipio], [idDepartamento], [NombreMunicipio]) VALUES (3, 1, N'LA PEDRERA')
INSERT [dbo].[Municipio] ([idMunicipio], [idDepartamento], [NombreMunicipio]) VALUES (4, 1, N'LA VICTORIA')
INSERT [dbo].[Municipio] ([idMunicipio], [idDepartamento], [NombreMunicipio]) VALUES (5, 1, N'LETICIA')
INSERT [dbo].[Municipio] ([idMunicipio], [idDepartamento], [NombreMunicipio]) VALUES (6, 1, N'MIRITI')
INSERT [dbo].[Municipio] ([idMunicipio], [idDepartamento], [NombreMunicipio]) VALUES (7, 1, N'PUERTO ALEGRIA')
INSERT [dbo].[Municipio] ([idMunicipio], [idDepartamento], [NombreMunicipio]) VALUES (8, 1, N'PUERTO ARICA')
INSERT [dbo].[Municipio] ([idMunicipio], [idDepartamento], [NombreMunicipio]) VALUES (9, 1, N'PUERTO NARI—O')
INSERT [dbo].[Municipio] ([idMunicipio], [idDepartamento], [NombreMunicipio]) VALUES (10, 1, N'PUERTO SANTANDER')
INSERT [dbo].[Municipio] ([idMunicipio], [idDepartamento], [NombreMunicipio]) VALUES (11, 1, N'TURAPACA')
INSERT [dbo].[Municipio] ([idMunicipio], [idDepartamento], [NombreMunicipio]) VALUES (12, 2, N'ABEJORRAL')
INSERT [dbo].[Municipio] ([idMunicipio], [idDepartamento], [NombreMunicipio]) VALUES (13, 2, N'ABRIAQUI')
INSERT [dbo].[Municipio] ([idMunicipio], [idDepartamento], [NombreMunicipio]) VALUES (14, 2, N'ALEJANDRIA')
INSERT [dbo].[Municipio] ([idMunicipio], [idDepartamento], [NombreMunicipio]) VALUES (15, 2, N'AMAGA')
INSERT [dbo].[Municipio] ([idMunicipio], [idDepartamento], [NombreMunicipio]) VALUES (16, 2, N'AMALFI')
INSERT [dbo].[Municipio] ([idMunicipio], [idDepartamento], [NombreMunicipio]) VALUES (17, 2, N'ANDES')
INSERT [dbo].[Municipio] ([idMunicipio], [idDepartamento], [NombreMunicipio]) VALUES (18, 2, N'ANGELOPOLIS')
INSERT [dbo].[Municipio] ([idMunicipio], [idDepartamento], [NombreMunicipio]) VALUES (19, 2, N'ANGOSTURA')
INSERT [dbo].[Municipio] ([idMunicipio], [idDepartamento], [NombreMunicipio]) VALUES (20, 2, N'ANORI')
INSERT [dbo].[Municipio] ([idMunicipio], [idDepartamento], [NombreMunicipio]) VALUES (21, 2, N'ANTIOQUIA')
INSERT [dbo].[Municipio] ([idMunicipio], [idDepartamento], [NombreMunicipio]) VALUES (22, 2, N'ANZA')
INSERT [dbo].[Municipio] ([idMunicipio], [idDepartamento], [NombreMunicipio]) VALUES (23, 2, N'APARTADO')
INSERT [dbo].[Municipio] ([idMunicipio], [idDepartamento], [NombreMunicipio]) VALUES (24, 2, N'ARBOLETES')
INSERT [dbo].[Municipio] ([idMunicipio], [idDepartamento], [NombreMunicipio]) VALUES (25, 2, N'ARGELIA')
INSERT [dbo].[Municipio] ([idMunicipio], [idDepartamento], [NombreMunicipio]) VALUES (26, 2, N'ARMENIA')
INSERT [dbo].[Municipio] ([idMunicipio], [idDepartamento], [NombreMunicipio]) VALUES (27, 2, N'BARBOSA')
INSERT [dbo].[Municipio] ([idMunicipio], [idDepartamento], [NombreMunicipio]) VALUES (28, 2, N'BELLO')
INSERT [dbo].[Municipio] ([idMunicipio], [idDepartamento], [NombreMunicipio]) VALUES (29, 2, N'BELMIRA')
INSERT [dbo].[Municipio] ([idMunicipio], [idDepartamento], [NombreMunicipio]) VALUES (30, 2, N'BETANIA')
INSERT [dbo].[Municipio] ([idMunicipio], [idDepartamento], [NombreMunicipio]) VALUES (31, 2, N'BETULIA')
INSERT [dbo].[Municipio] ([idMunicipio], [idDepartamento], [NombreMunicipio]) VALUES (32, 2, N'BOLIVAR')
INSERT [dbo].[Municipio] ([idMunicipio], [idDepartamento], [NombreMunicipio]) VALUES (33, 2, N'BRICE—O')
INSERT [dbo].[Municipio] ([idMunicipio], [idDepartamento], [NombreMunicipio]) VALUES (34, 2, N'BURITICA')
INSERT [dbo].[Municipio] ([idMunicipio], [idDepartamento], [NombreMunicipio]) VALUES (35, 2, N'CACERES')
INSERT [dbo].[Municipio] ([idMunicipio], [idDepartamento], [NombreMunicipio]) VALUES (36, 2, N'CAICEDO')
INSERT [dbo].[Municipio] ([idMunicipio], [idDepartamento], [NombreMunicipio]) VALUES (37, 2, N'CALDAS')
INSERT [dbo].[Municipio] ([idMunicipio], [idDepartamento], [NombreMunicipio]) VALUES (38, 2, N'CAMPAMENTO')
INSERT [dbo].[Municipio] ([idMunicipio], [idDepartamento], [NombreMunicipio]) VALUES (39, 2, N'CANASGORDAS')
INSERT [dbo].[Municipio] ([idMunicipio], [idDepartamento], [NombreMunicipio]) VALUES (40, 2, N'CARACOLI')
INSERT [dbo].[Municipio] ([idMunicipio], [idDepartamento], [NombreMunicipio]) VALUES (41, 2, N'CARAMANTA')
INSERT [dbo].[Municipio] ([idMunicipio], [idDepartamento], [NombreMunicipio]) VALUES (42, 2, N'CAREPA')
INSERT [dbo].[Municipio] ([idMunicipio], [idDepartamento], [NombreMunicipio]) VALUES (43, 2, N'CARMEN DE VIBORAL')
INSERT [dbo].[Municipio] ([idMunicipio], [idDepartamento], [NombreMunicipio]) VALUES (44, 2, N'CAROLINA DEL PRINCIPE')
INSERT [dbo].[Municipio] ([idMunicipio], [idDepartamento], [NombreMunicipio]) VALUES (45, 2, N'CAUCASIA')
INSERT [dbo].[Municipio] ([idMunicipio], [idDepartamento], [NombreMunicipio]) VALUES (46, 2, N'CHIGORODO')
INSERT [dbo].[Municipio] ([idMunicipio], [idDepartamento], [NombreMunicipio]) VALUES (47, 2, N'CISNEROS')
INSERT [dbo].[Municipio] ([idMunicipio], [idDepartamento], [NombreMunicipio]) VALUES (48, 2, N'COCORNA')
INSERT [dbo].[Municipio] ([idMunicipio], [idDepartamento], [NombreMunicipio]) VALUES (49, 2, N'CONCEPCION')
INSERT [dbo].[Municipio] ([idMunicipio], [idDepartamento], [NombreMunicipio]) VALUES (50, 2, N'CONCORDIA')
INSERT [dbo].[Municipio] ([idMunicipio], [idDepartamento], [NombreMunicipio]) VALUES (51, 2, N'COPACABANA')
INSERT [dbo].[Municipio] ([idMunicipio], [idDepartamento], [NombreMunicipio]) VALUES (52, 2, N'DABEIBA')
INSERT [dbo].[Municipio] ([idMunicipio], [idDepartamento], [NombreMunicipio]) VALUES (53, 2, N'DONMATIAS')
INSERT [dbo].[Municipio] ([idMunicipio], [idDepartamento], [NombreMunicipio]) VALUES (54, 2, N'EBEJICO')
INSERT [dbo].[Municipio] ([idMunicipio], [idDepartamento], [NombreMunicipio]) VALUES (55, 2, N'EL BAGRE')
INSERT [dbo].[Municipio] ([idMunicipio], [idDepartamento], [NombreMunicipio]) VALUES (56, 2, N'EL PENOL')
INSERT [dbo].[Municipio] ([idMunicipio], [idDepartamento], [NombreMunicipio]) VALUES (57, 2, N'EL RETIRO')
INSERT [dbo].[Municipio] ([idMunicipio], [idDepartamento], [NombreMunicipio]) VALUES (58, 2, N'ENTRERRIOS')
INSERT [dbo].[Municipio] ([idMunicipio], [idDepartamento], [NombreMunicipio]) VALUES (59, 2, N'ENVIGADO')
INSERT [dbo].[Municipio] ([idMunicipio], [idDepartamento], [NombreMunicipio]) VALUES (60, 2, N'FREDONIA')
INSERT [dbo].[Municipio] ([idMunicipio], [idDepartamento], [NombreMunicipio]) VALUES (61, 2, N'FRONTINO')
INSERT [dbo].[Municipio] ([idMunicipio], [idDepartamento], [NombreMunicipio]) VALUES (62, 2, N'GIRALDO')
INSERT [dbo].[Municipio] ([idMunicipio], [idDepartamento], [NombreMunicipio]) VALUES (63, 2, N'GIRARDOTA')
INSERT [dbo].[Municipio] ([idMunicipio], [idDepartamento], [NombreMunicipio]) VALUES (64, 2, N'GOMEZ PLATA')
INSERT [dbo].[Municipio] ([idMunicipio], [idDepartamento], [NombreMunicipio]) VALUES (65, 2, N'GRANADA')
INSERT [dbo].[Municipio] ([idMunicipio], [idDepartamento], [NombreMunicipio]) VALUES (66, 2, N'GUADALUPE')
INSERT [dbo].[Municipio] ([idMunicipio], [idDepartamento], [NombreMunicipio]) VALUES (67, 2, N'GUARNE')
INSERT [dbo].[Municipio] ([idMunicipio], [idDepartamento], [NombreMunicipio]) VALUES (68, 2, N'GUATAQUE')
INSERT [dbo].[Municipio] ([idMunicipio], [idDepartamento], [NombreMunicipio]) VALUES (69, 2, N'HELICONIA')
INSERT [dbo].[Municipio] ([idMunicipio], [idDepartamento], [NombreMunicipio]) VALUES (70, 2, N'HISPANIA')
INSERT [dbo].[Municipio] ([idMunicipio], [idDepartamento], [NombreMunicipio]) VALUES (71, 2, N'ITAGUI')
INSERT [dbo].[Municipio] ([idMunicipio], [idDepartamento], [NombreMunicipio]) VALUES (72, 2, N'ITUANGO')
INSERT [dbo].[Municipio] ([idMunicipio], [idDepartamento], [NombreMunicipio]) VALUES (73, 2, N'JARDIN')
INSERT [dbo].[Municipio] ([idMunicipio], [idDepartamento], [NombreMunicipio]) VALUES (74, 2, N'JERICO')
INSERT [dbo].[Municipio] ([idMunicipio], [idDepartamento], [NombreMunicipio]) VALUES (75, 2, N'LA CEJA')
INSERT [dbo].[Municipio] ([idMunicipio], [idDepartamento], [NombreMunicipio]) VALUES (76, 2, N'LA ESTRELLA')
INSERT [dbo].[Municipio] ([idMunicipio], [idDepartamento], [NombreMunicipio]) VALUES (77, 2, N'LA PINTADA')
INSERT [dbo].[Municipio] ([idMunicipio], [idDepartamento], [NombreMunicipio]) VALUES (78, 2, N'LA UNION')
INSERT [dbo].[Municipio] ([idMunicipio], [idDepartamento], [NombreMunicipio]) VALUES (79, 2, N'LIBORINA')
INSERT [dbo].[Municipio] ([idMunicipio], [idDepartamento], [NombreMunicipio]) VALUES (80, 2, N'MACEO')
INSERT [dbo].[Municipio] ([idMunicipio], [idDepartamento], [NombreMunicipio]) VALUES (81, 2, N'MARINILLA')
INSERT [dbo].[Municipio] ([idMunicipio], [idDepartamento], [NombreMunicipio]) VALUES (82, 2, N'MEDELLIN')
INSERT [dbo].[Municipio] ([idMunicipio], [idDepartamento], [NombreMunicipio]) VALUES (83, 2, N'MONTEBELLO')
INSERT [dbo].[Municipio] ([idMunicipio], [idDepartamento], [NombreMunicipio]) VALUES (84, 2, N'MURINDO')
INSERT [dbo].[Municipio] ([idMunicipio], [idDepartamento], [NombreMunicipio]) VALUES (85, 2, N'MUTATA')
INSERT [dbo].[Municipio] ([idMunicipio], [idDepartamento], [NombreMunicipio]) VALUES (86, 2, N'NARINO')
INSERT [dbo].[Municipio] ([idMunicipio], [idDepartamento], [NombreMunicipio]) VALUES (87, 2, N'NECHI')
INSERT [dbo].[Municipio] ([idMunicipio], [idDepartamento], [NombreMunicipio]) VALUES (88, 2, N'NECOCLI')
INSERT [dbo].[Municipio] ([idMunicipio], [idDepartamento], [NombreMunicipio]) VALUES (89, 2, N'OLAYA')
INSERT [dbo].[Municipio] ([idMunicipio], [idDepartamento], [NombreMunicipio]) VALUES (90, 2, N'PEQUE')
INSERT [dbo].[Municipio] ([idMunicipio], [idDepartamento], [NombreMunicipio]) VALUES (91, 2, N'PUEBLORRICO')
INSERT [dbo].[Municipio] ([idMunicipio], [idDepartamento], [NombreMunicipio]) VALUES (92, 2, N'PUERTO BERRIO')
INSERT [dbo].[Municipio] ([idMunicipio], [idDepartamento], [NombreMunicipio]) VALUES (93, 2, N'PUERTO NARE')
INSERT [dbo].[Municipio] ([idMunicipio], [idDepartamento], [NombreMunicipio]) VALUES (94, 2, N'PUERTO TRIUNFO')
INSERT [dbo].[Municipio] ([idMunicipio], [idDepartamento], [NombreMunicipio]) VALUES (95, 2, N'REMEDIOS')
INSERT [dbo].[Municipio] ([idMunicipio], [idDepartamento], [NombreMunicipio]) VALUES (96, 2, N'RIONEGRO')
INSERT [dbo].[Municipio] ([idMunicipio], [idDepartamento], [NombreMunicipio]) VALUES (97, 2, N'SABANALARGA')
INSERT [dbo].[Municipio] ([idMunicipio], [idDepartamento], [NombreMunicipio]) VALUES (98, 2, N'SABANETA')
INSERT [dbo].[Municipio] ([idMunicipio], [idDepartamento], [NombreMunicipio]) VALUES (99, 2, N'SALGAR')
INSERT [dbo].[Municipio] ([idMunicipio], [idDepartamento], [NombreMunicipio]) VALUES (100, 2, N'SAN ANDRES DE CUERQUIA')
GO
INSERT [dbo].[Municipio] ([idMunicipio], [idDepartamento], [NombreMunicipio]) VALUES (101, 2, N'SAN CARLOS')
INSERT [dbo].[Municipio] ([idMunicipio], [idDepartamento], [NombreMunicipio]) VALUES (102, 2, N'SAN FRANCISCO')
INSERT [dbo].[Municipio] ([idMunicipio], [idDepartamento], [NombreMunicipio]) VALUES (103, 2, N'SAN JERONIMO')
INSERT [dbo].[Municipio] ([idMunicipio], [idDepartamento], [NombreMunicipio]) VALUES (104, 2, N'SAN JOSE DE LA MONTA—A')
INSERT [dbo].[Municipio] ([idMunicipio], [idDepartamento], [NombreMunicipio]) VALUES (105, 2, N'SAN JUAN DE URABA')
INSERT [dbo].[Municipio] ([idMunicipio], [idDepartamento], [NombreMunicipio]) VALUES (106, 2, N'SAN LUIS')
INSERT [dbo].[Municipio] ([idMunicipio], [idDepartamento], [NombreMunicipio]) VALUES (107, 2, N'SAN PEDRO DE LOS MILAGROS')
INSERT [dbo].[Municipio] ([idMunicipio], [idDepartamento], [NombreMunicipio]) VALUES (108, 2, N'SAN PEDRO DE URABA')
INSERT [dbo].[Municipio] ([idMunicipio], [idDepartamento], [NombreMunicipio]) VALUES (109, 2, N'SAN RAFAEL')
INSERT [dbo].[Municipio] ([idMunicipio], [idDepartamento], [NombreMunicipio]) VALUES (110, 2, N'SAN ROQUE')
INSERT [dbo].[Municipio] ([idMunicipio], [idDepartamento], [NombreMunicipio]) VALUES (111, 2, N'SAN VICENTE')
INSERT [dbo].[Municipio] ([idMunicipio], [idDepartamento], [NombreMunicipio]) VALUES (112, 2, N'SANTA BARBARA')
INSERT [dbo].[Municipio] ([idMunicipio], [idDepartamento], [NombreMunicipio]) VALUES (113, 2, N'SANTA ROSA DE OSOS')
INSERT [dbo].[Municipio] ([idMunicipio], [idDepartamento], [NombreMunicipio]) VALUES (114, 2, N'SANTO DOMINGO')
INSERT [dbo].[Municipio] ([idMunicipio], [idDepartamento], [NombreMunicipio]) VALUES (115, 2, N'SANTUARIO')
INSERT [dbo].[Municipio] ([idMunicipio], [idDepartamento], [NombreMunicipio]) VALUES (116, 2, N'SEGOVIA')
INSERT [dbo].[Municipio] ([idMunicipio], [idDepartamento], [NombreMunicipio]) VALUES (117, 2, N'SONSON')
INSERT [dbo].[Municipio] ([idMunicipio], [idDepartamento], [NombreMunicipio]) VALUES (118, 2, N'SOPETRAN')
INSERT [dbo].[Municipio] ([idMunicipio], [idDepartamento], [NombreMunicipio]) VALUES (119, 2, N'TAMESIS')
INSERT [dbo].[Municipio] ([idMunicipio], [idDepartamento], [NombreMunicipio]) VALUES (120, 2, N'TARAZA')
INSERT [dbo].[Municipio] ([idMunicipio], [idDepartamento], [NombreMunicipio]) VALUES (121, 2, N'TARSO')
INSERT [dbo].[Municipio] ([idMunicipio], [idDepartamento], [NombreMunicipio]) VALUES (122, 2, N'TITIRIBI')
INSERT [dbo].[Municipio] ([idMunicipio], [idDepartamento], [NombreMunicipio]) VALUES (123, 2, N'TOLEDO')
INSERT [dbo].[Municipio] ([idMunicipio], [idDepartamento], [NombreMunicipio]) VALUES (124, 2, N'TURBO')
INSERT [dbo].[Municipio] ([idMunicipio], [idDepartamento], [NombreMunicipio]) VALUES (125, 2, N'URAMITA')
INSERT [dbo].[Municipio] ([idMunicipio], [idDepartamento], [NombreMunicipio]) VALUES (126, 2, N'URRAO')
INSERT [dbo].[Municipio] ([idMunicipio], [idDepartamento], [NombreMunicipio]) VALUES (127, 2, N'VALDIVIA')
INSERT [dbo].[Municipio] ([idMunicipio], [idDepartamento], [NombreMunicipio]) VALUES (128, 2, N'VALPARAISO')
INSERT [dbo].[Municipio] ([idMunicipio], [idDepartamento], [NombreMunicipio]) VALUES (129, 2, N'VEGACHI')
INSERT [dbo].[Municipio] ([idMunicipio], [idDepartamento], [NombreMunicipio]) VALUES (130, 2, N'VENECIA')
INSERT [dbo].[Municipio] ([idMunicipio], [idDepartamento], [NombreMunicipio]) VALUES (131, 2, N'VIGIA DEL FUERTE')
INSERT [dbo].[Municipio] ([idMunicipio], [idDepartamento], [NombreMunicipio]) VALUES (132, 2, N'YALI')
INSERT [dbo].[Municipio] ([idMunicipio], [idDepartamento], [NombreMunicipio]) VALUES (133, 2, N'YARUMAL')
INSERT [dbo].[Municipio] ([idMunicipio], [idDepartamento], [NombreMunicipio]) VALUES (134, 2, N'YOLOMBO')
INSERT [dbo].[Municipio] ([idMunicipio], [idDepartamento], [NombreMunicipio]) VALUES (135, 2, N'YONDO')
INSERT [dbo].[Municipio] ([idMunicipio], [idDepartamento], [NombreMunicipio]) VALUES (136, 2, N'ZARAGOZA')
INSERT [dbo].[Municipio] ([idMunicipio], [idDepartamento], [NombreMunicipio]) VALUES (137, 3, N'ARAUCA')
INSERT [dbo].[Municipio] ([idMunicipio], [idDepartamento], [NombreMunicipio]) VALUES (138, 3, N'ARAUQUITA')
INSERT [dbo].[Municipio] ([idMunicipio], [idDepartamento], [NombreMunicipio]) VALUES (139, 3, N'CRAVO NORTE')
INSERT [dbo].[Municipio] ([idMunicipio], [idDepartamento], [NombreMunicipio]) VALUES (140, 3, N'FORTUL')
INSERT [dbo].[Municipio] ([idMunicipio], [idDepartamento], [NombreMunicipio]) VALUES (141, 3, N'PUERTO RONDON')
INSERT [dbo].[Municipio] ([idMunicipio], [idDepartamento], [NombreMunicipio]) VALUES (142, 3, N'SARAVENA')
INSERT [dbo].[Municipio] ([idMunicipio], [idDepartamento], [NombreMunicipio]) VALUES (143, 3, N'TAME')
INSERT [dbo].[Municipio] ([idMunicipio], [idDepartamento], [NombreMunicipio]) VALUES (144, 4, N'BARANOA')
INSERT [dbo].[Municipio] ([idMunicipio], [idDepartamento], [NombreMunicipio]) VALUES (145, 4, N'BARRANQUILLA')
INSERT [dbo].[Municipio] ([idMunicipio], [idDepartamento], [NombreMunicipio]) VALUES (146, 4, N'CAMPO DE LA CRUZ')
INSERT [dbo].[Municipio] ([idMunicipio], [idDepartamento], [NombreMunicipio]) VALUES (147, 4, N'CANDELARIA')
INSERT [dbo].[Municipio] ([idMunicipio], [idDepartamento], [NombreMunicipio]) VALUES (148, 4, N'GALAPA')
INSERT [dbo].[Municipio] ([idMunicipio], [idDepartamento], [NombreMunicipio]) VALUES (149, 4, N'JUAN DE ACOSTA')
INSERT [dbo].[Municipio] ([idMunicipio], [idDepartamento], [NombreMunicipio]) VALUES (150, 4, N'LURUACO')
INSERT [dbo].[Municipio] ([idMunicipio], [idDepartamento], [NombreMunicipio]) VALUES (151, 4, N'MALAMBO')
INSERT [dbo].[Municipio] ([idMunicipio], [idDepartamento], [NombreMunicipio]) VALUES (152, 4, N'MANATI')
INSERT [dbo].[Municipio] ([idMunicipio], [idDepartamento], [NombreMunicipio]) VALUES (153, 4, N'PALMAR DE VARELA')
INSERT [dbo].[Municipio] ([idMunicipio], [idDepartamento], [NombreMunicipio]) VALUES (154, 4, N'PIOJO')
INSERT [dbo].[Municipio] ([idMunicipio], [idDepartamento], [NombreMunicipio]) VALUES (155, 4, N'POLO NUEVO')
INSERT [dbo].[Municipio] ([idMunicipio], [idDepartamento], [NombreMunicipio]) VALUES (156, 4, N'PONEDERA')
INSERT [dbo].[Municipio] ([idMunicipio], [idDepartamento], [NombreMunicipio]) VALUES (157, 4, N'PUERTO COLOMBIA')
INSERT [dbo].[Municipio] ([idMunicipio], [idDepartamento], [NombreMunicipio]) VALUES (158, 4, N'REPELON')
INSERT [dbo].[Municipio] ([idMunicipio], [idDepartamento], [NombreMunicipio]) VALUES (159, 4, N'SABANAGRANDE')
INSERT [dbo].[Municipio] ([idMunicipio], [idDepartamento], [NombreMunicipio]) VALUES (160, 4, N'SABANALARGA')
INSERT [dbo].[Municipio] ([idMunicipio], [idDepartamento], [NombreMunicipio]) VALUES (161, 4, N'SANTA LUCIA')
INSERT [dbo].[Municipio] ([idMunicipio], [idDepartamento], [NombreMunicipio]) VALUES (162, 4, N'SANTO TOMAS')
INSERT [dbo].[Municipio] ([idMunicipio], [idDepartamento], [NombreMunicipio]) VALUES (163, 4, N'SOLEDAD')
INSERT [dbo].[Municipio] ([idMunicipio], [idDepartamento], [NombreMunicipio]) VALUES (164, 4, N'SUAN')
INSERT [dbo].[Municipio] ([idMunicipio], [idDepartamento], [NombreMunicipio]) VALUES (165, 4, N'TUBARA')
INSERT [dbo].[Municipio] ([idMunicipio], [idDepartamento], [NombreMunicipio]) VALUES (166, 4, N'USIACURI')
INSERT [dbo].[Municipio] ([idMunicipio], [idDepartamento], [NombreMunicipio]) VALUES (167, 5, N'ACHI')
INSERT [dbo].[Municipio] ([idMunicipio], [idDepartamento], [NombreMunicipio]) VALUES (168, 5, N'ALTOS DEL ROSARIO')
INSERT [dbo].[Municipio] ([idMunicipio], [idDepartamento], [NombreMunicipio]) VALUES (169, 5, N'ARENAL')
INSERT [dbo].[Municipio] ([idMunicipio], [idDepartamento], [NombreMunicipio]) VALUES (170, 5, N'ARJONA')
INSERT [dbo].[Municipio] ([idMunicipio], [idDepartamento], [NombreMunicipio]) VALUES (171, 5, N'ARROYOHONDO')
INSERT [dbo].[Municipio] ([idMunicipio], [idDepartamento], [NombreMunicipio]) VALUES (172, 5, N'BARRANCO DE LOBA')
INSERT [dbo].[Municipio] ([idMunicipio], [idDepartamento], [NombreMunicipio]) VALUES (173, 5, N'BRAZUELO DE PAPAYAL')
INSERT [dbo].[Municipio] ([idMunicipio], [idDepartamento], [NombreMunicipio]) VALUES (174, 5, N'CALAMAR')
INSERT [dbo].[Municipio] ([idMunicipio], [idDepartamento], [NombreMunicipio]) VALUES (175, 5, N'CANTAGALLO')
INSERT [dbo].[Municipio] ([idMunicipio], [idDepartamento], [NombreMunicipio]) VALUES (176, 5, N'CARTAGENA DE INDIAS')
INSERT [dbo].[Municipio] ([idMunicipio], [idDepartamento], [NombreMunicipio]) VALUES (177, 5, N'CICUCO')
INSERT [dbo].[Municipio] ([idMunicipio], [idDepartamento], [NombreMunicipio]) VALUES (178, 5, N'CLEMENCIA')
INSERT [dbo].[Municipio] ([idMunicipio], [idDepartamento], [NombreMunicipio]) VALUES (179, 5, N'CORDOBA')
INSERT [dbo].[Municipio] ([idMunicipio], [idDepartamento], [NombreMunicipio]) VALUES (180, 5, N'EL CARMEN DE BOLIVAR')
INSERT [dbo].[Municipio] ([idMunicipio], [idDepartamento], [NombreMunicipio]) VALUES (181, 5, N'EL GUAMO')
INSERT [dbo].[Municipio] ([idMunicipio], [idDepartamento], [NombreMunicipio]) VALUES (182, 5, N'EL PENION')
INSERT [dbo].[Municipio] ([idMunicipio], [idDepartamento], [NombreMunicipio]) VALUES (183, 5, N'HATILLO DE LOBA')
INSERT [dbo].[Municipio] ([idMunicipio], [idDepartamento], [NombreMunicipio]) VALUES (184, 5, N'MAGANGUE')
INSERT [dbo].[Municipio] ([idMunicipio], [idDepartamento], [NombreMunicipio]) VALUES (185, 5, N'MAHATES')
INSERT [dbo].[Municipio] ([idMunicipio], [idDepartamento], [NombreMunicipio]) VALUES (186, 5, N'MARGARITA')
INSERT [dbo].[Municipio] ([idMunicipio], [idDepartamento], [NombreMunicipio]) VALUES (187, 5, N'MARIA LA BAJA')
INSERT [dbo].[Municipio] ([idMunicipio], [idDepartamento], [NombreMunicipio]) VALUES (188, 5, N'MONTECRISTO')
INSERT [dbo].[Municipio] ([idMunicipio], [idDepartamento], [NombreMunicipio]) VALUES (189, 5, N'MORALES')
INSERT [dbo].[Municipio] ([idMunicipio], [idDepartamento], [NombreMunicipio]) VALUES (190, 5, N'MORALES')
INSERT [dbo].[Municipio] ([idMunicipio], [idDepartamento], [NombreMunicipio]) VALUES (191, 5, N'NOROSI')
INSERT [dbo].[Municipio] ([idMunicipio], [idDepartamento], [NombreMunicipio]) VALUES (192, 5, N'PINILLOS')
INSERT [dbo].[Municipio] ([idMunicipio], [idDepartamento], [NombreMunicipio]) VALUES (193, 5, N'REGIDOR')
INSERT [dbo].[Municipio] ([idMunicipio], [idDepartamento], [NombreMunicipio]) VALUES (194, 5, N'RIO VIEJO')
INSERT [dbo].[Municipio] ([idMunicipio], [idDepartamento], [NombreMunicipio]) VALUES (195, 5, N'SAN CRISTOBAL')
INSERT [dbo].[Municipio] ([idMunicipio], [idDepartamento], [NombreMunicipio]) VALUES (196, 5, N'SAN ESTANISLAO')
INSERT [dbo].[Municipio] ([idMunicipio], [idDepartamento], [NombreMunicipio]) VALUES (197, 5, N'SAN FERNANDO')
INSERT [dbo].[Municipio] ([idMunicipio], [idDepartamento], [NombreMunicipio]) VALUES (198, 5, N'SAN JACINTO')
INSERT [dbo].[Municipio] ([idMunicipio], [idDepartamento], [NombreMunicipio]) VALUES (199, 5, N'SAN JACINTO DEL CAUCA')
INSERT [dbo].[Municipio] ([idMunicipio], [idDepartamento], [NombreMunicipio]) VALUES (200, 5, N'SAN JUAN DE NEPOMUCENO')
GO
INSERT [dbo].[Municipio] ([idMunicipio], [idDepartamento], [NombreMunicipio]) VALUES (201, 5, N'SAN MARTIN DE LOBA')
INSERT [dbo].[Municipio] ([idMunicipio], [idDepartamento], [NombreMunicipio]) VALUES (202, 5, N'SAN PABLO')
INSERT [dbo].[Municipio] ([idMunicipio], [idDepartamento], [NombreMunicipio]) VALUES (203, 5, N'SAN PABLO NORTE')
INSERT [dbo].[Municipio] ([idMunicipio], [idDepartamento], [NombreMunicipio]) VALUES (204, 5, N'SANTA CATALINA')
INSERT [dbo].[Municipio] ([idMunicipio], [idDepartamento], [NombreMunicipio]) VALUES (205, 5, N'SANTA CRUZ DE MOMPOX')
INSERT [dbo].[Municipio] ([idMunicipio], [idDepartamento], [NombreMunicipio]) VALUES (206, 5, N'SANTA ROSA')
INSERT [dbo].[Municipio] ([idMunicipio], [idDepartamento], [NombreMunicipio]) VALUES (207, 5, N'SANTA ROSA DEL SUR')
INSERT [dbo].[Municipio] ([idMunicipio], [idDepartamento], [NombreMunicipio]) VALUES (208, 5, N'SIMITI')
INSERT [dbo].[Municipio] ([idMunicipio], [idDepartamento], [NombreMunicipio]) VALUES (209, 5, N'SOPLAVIENTO')
INSERT [dbo].[Municipio] ([idMunicipio], [idDepartamento], [NombreMunicipio]) VALUES (210, 5, N'TALAIGUA NUEVO')
INSERT [dbo].[Municipio] ([idMunicipio], [idDepartamento], [NombreMunicipio]) VALUES (211, 5, N'TUQUISIO')
INSERT [dbo].[Municipio] ([idMunicipio], [idDepartamento], [NombreMunicipio]) VALUES (212, 5, N'TURBACO')
INSERT [dbo].[Municipio] ([idMunicipio], [idDepartamento], [NombreMunicipio]) VALUES (213, 5, N'TURBANA')
INSERT [dbo].[Municipio] ([idMunicipio], [idDepartamento], [NombreMunicipio]) VALUES (214, 5, N'VILLANUEVA')
INSERT [dbo].[Municipio] ([idMunicipio], [idDepartamento], [NombreMunicipio]) VALUES (215, 5, N'ZAMBRANO')
INSERT [dbo].[Municipio] ([idMunicipio], [idDepartamento], [NombreMunicipio]) VALUES (216, 6, N'AQUITANIA')
INSERT [dbo].[Municipio] ([idMunicipio], [idDepartamento], [NombreMunicipio]) VALUES (217, 6, N'ARCABUCO')
INSERT [dbo].[Municipio] ([idMunicipio], [idDepartamento], [NombreMunicipio]) VALUES (218, 6, N'BEL…N')
INSERT [dbo].[Municipio] ([idMunicipio], [idDepartamento], [NombreMunicipio]) VALUES (219, 6, N'BERBEO')
INSERT [dbo].[Municipio] ([idMunicipio], [idDepartamento], [NombreMunicipio]) VALUES (220, 6, N'BET…ITIVA')
INSERT [dbo].[Municipio] ([idMunicipio], [idDepartamento], [NombreMunicipio]) VALUES (221, 6, N'BOAVITA')
INSERT [dbo].[Municipio] ([idMunicipio], [idDepartamento], [NombreMunicipio]) VALUES (222, 6, N'BOYAC¡')
INSERT [dbo].[Municipio] ([idMunicipio], [idDepartamento], [NombreMunicipio]) VALUES (223, 6, N'BRICE—O')
INSERT [dbo].[Municipio] ([idMunicipio], [idDepartamento], [NombreMunicipio]) VALUES (224, 6, N'BUENAVISTA')
INSERT [dbo].[Municipio] ([idMunicipio], [idDepartamento], [NombreMunicipio]) VALUES (225, 6, N'BUSBANZ¡')
INSERT [dbo].[Municipio] ([idMunicipio], [idDepartamento], [NombreMunicipio]) VALUES (226, 6, N'CALDAS')
INSERT [dbo].[Municipio] ([idMunicipio], [idDepartamento], [NombreMunicipio]) VALUES (227, 6, N'CAMPO HERMOSO')
INSERT [dbo].[Municipio] ([idMunicipio], [idDepartamento], [NombreMunicipio]) VALUES (228, 6, N'CERINZA')
INSERT [dbo].[Municipio] ([idMunicipio], [idDepartamento], [NombreMunicipio]) VALUES (229, 6, N'CHINAVITA')
INSERT [dbo].[Municipio] ([idMunicipio], [idDepartamento], [NombreMunicipio]) VALUES (230, 6, N'CHIQUINQUIR¡')
INSERT [dbo].[Municipio] ([idMunicipio], [idDepartamento], [NombreMunicipio]) VALUES (231, 6, N'CHÕQUIZA')
INSERT [dbo].[Municipio] ([idMunicipio], [idDepartamento], [NombreMunicipio]) VALUES (232, 6, N'CHISCAS')
INSERT [dbo].[Municipio] ([idMunicipio], [idDepartamento], [NombreMunicipio]) VALUES (233, 6, N'CHITA')
INSERT [dbo].[Municipio] ([idMunicipio], [idDepartamento], [NombreMunicipio]) VALUES (234, 6, N'CHITARAQUE')
INSERT [dbo].[Municipio] ([idMunicipio], [idDepartamento], [NombreMunicipio]) VALUES (235, 6, N'CHIVAT¡')
INSERT [dbo].[Municipio] ([idMunicipio], [idDepartamento], [NombreMunicipio]) VALUES (236, 6, N'CI…NEGA')
INSERT [dbo].[Municipio] ([idMunicipio], [idDepartamento], [NombreMunicipio]) VALUES (237, 6, N'C”MBITA')
INSERT [dbo].[Municipio] ([idMunicipio], [idDepartamento], [NombreMunicipio]) VALUES (238, 6, N'COPER')
INSERT [dbo].[Municipio] ([idMunicipio], [idDepartamento], [NombreMunicipio]) VALUES (239, 6, N'CORRALES')
INSERT [dbo].[Municipio] ([idMunicipio], [idDepartamento], [NombreMunicipio]) VALUES (240, 6, N'COVARACHÕA')
INSERT [dbo].[Municipio] ([idMunicipio], [idDepartamento], [NombreMunicipio]) VALUES (241, 6, N'CUBARA')
INSERT [dbo].[Municipio] ([idMunicipio], [idDepartamento], [NombreMunicipio]) VALUES (242, 6, N'CUCAITA')
INSERT [dbo].[Municipio] ([idMunicipio], [idDepartamento], [NombreMunicipio]) VALUES (243, 6, N'CUITIVA')
INSERT [dbo].[Municipio] ([idMunicipio], [idDepartamento], [NombreMunicipio]) VALUES (244, 6, N'DUITAMA')
INSERT [dbo].[Municipio] ([idMunicipio], [idDepartamento], [NombreMunicipio]) VALUES (245, 6, N'EL COCUY')
INSERT [dbo].[Municipio] ([idMunicipio], [idDepartamento], [NombreMunicipio]) VALUES (246, 6, N'EL ESPINO')
INSERT [dbo].[Municipio] ([idMunicipio], [idDepartamento], [NombreMunicipio]) VALUES (247, 6, N'FIRAVITOBA')
INSERT [dbo].[Municipio] ([idMunicipio], [idDepartamento], [NombreMunicipio]) VALUES (248, 6, N'FLORESTA')
INSERT [dbo].[Municipio] ([idMunicipio], [idDepartamento], [NombreMunicipio]) VALUES (249, 6, N'GACHANTIV¡')
INSERT [dbo].[Municipio] ([idMunicipio], [idDepartamento], [NombreMunicipio]) VALUES (250, 6, N'G¡MEZA')
INSERT [dbo].[Municipio] ([idMunicipio], [idDepartamento], [NombreMunicipio]) VALUES (251, 6, N'GARAGOA')
INSERT [dbo].[Municipio] ([idMunicipio], [idDepartamento], [NombreMunicipio]) VALUES (252, 6, N'GUACAMAYAS')
INSERT [dbo].[Municipio] ([idMunicipio], [idDepartamento], [NombreMunicipio]) VALUES (253, 6, N'G‹IC¡N')
INSERT [dbo].[Municipio] ([idMunicipio], [idDepartamento], [NombreMunicipio]) VALUES (254, 6, N'IZA')
INSERT [dbo].[Municipio] ([idMunicipio], [idDepartamento], [NombreMunicipio]) VALUES (255, 6, N'JENESANO')
INSERT [dbo].[Municipio] ([idMunicipio], [idDepartamento], [NombreMunicipio]) VALUES (256, 6, N'JERIC”')
INSERT [dbo].[Municipio] ([idMunicipio], [idDepartamento], [NombreMunicipio]) VALUES (257, 6, N'LA UVITA')
INSERT [dbo].[Municipio] ([idMunicipio], [idDepartamento], [NombreMunicipio]) VALUES (258, 6, N'LA VICTORIA')
INSERT [dbo].[Municipio] ([idMunicipio], [idDepartamento], [NombreMunicipio]) VALUES (259, 6, N'LABRANZA GRANDE')
INSERT [dbo].[Municipio] ([idMunicipio], [idDepartamento], [NombreMunicipio]) VALUES (260, 6, N'MACANAL')
INSERT [dbo].[Municipio] ([idMunicipio], [idDepartamento], [NombreMunicipio]) VALUES (261, 6, N'MARIPÕ')
INSERT [dbo].[Municipio] ([idMunicipio], [idDepartamento], [NombreMunicipio]) VALUES (262, 6, N'MIRAFLORES')
INSERT [dbo].[Municipio] ([idMunicipio], [idDepartamento], [NombreMunicipio]) VALUES (263, 6, N'MONGUA')
INSERT [dbo].[Municipio] ([idMunicipio], [idDepartamento], [NombreMunicipio]) VALUES (264, 6, N'MONGUÕ')
INSERT [dbo].[Municipio] ([idMunicipio], [idDepartamento], [NombreMunicipio]) VALUES (265, 6, N'MONIQUIR¡')
INSERT [dbo].[Municipio] ([idMunicipio], [idDepartamento], [NombreMunicipio]) VALUES (266, 6, N'MOTAVITA')
INSERT [dbo].[Municipio] ([idMunicipio], [idDepartamento], [NombreMunicipio]) VALUES (267, 6, N'MUZO')
INSERT [dbo].[Municipio] ([idMunicipio], [idDepartamento], [NombreMunicipio]) VALUES (268, 6, N'NOBSA')
INSERT [dbo].[Municipio] ([idMunicipio], [idDepartamento], [NombreMunicipio]) VALUES (269, 6, N'NUEVO COL”N')
INSERT [dbo].[Municipio] ([idMunicipio], [idDepartamento], [NombreMunicipio]) VALUES (270, 6, N'OICAT¡')
INSERT [dbo].[Municipio] ([idMunicipio], [idDepartamento], [NombreMunicipio]) VALUES (271, 6, N'OTANCHE')
INSERT [dbo].[Municipio] ([idMunicipio], [idDepartamento], [NombreMunicipio]) VALUES (272, 6, N'PACHAVITA')
INSERT [dbo].[Municipio] ([idMunicipio], [idDepartamento], [NombreMunicipio]) VALUES (273, 6, N'P¡EZ')
INSERT [dbo].[Municipio] ([idMunicipio], [idDepartamento], [NombreMunicipio]) VALUES (274, 6, N'PAIPA')
INSERT [dbo].[Municipio] ([idMunicipio], [idDepartamento], [NombreMunicipio]) VALUES (275, 6, N'PAJARITO')
INSERT [dbo].[Municipio] ([idMunicipio], [idDepartamento], [NombreMunicipio]) VALUES (276, 6, N'PANQUEBA')
INSERT [dbo].[Municipio] ([idMunicipio], [idDepartamento], [NombreMunicipio]) VALUES (277, 6, N'PAUNA')
INSERT [dbo].[Municipio] ([idMunicipio], [idDepartamento], [NombreMunicipio]) VALUES (278, 6, N'PAYA')
INSERT [dbo].[Municipio] ([idMunicipio], [idDepartamento], [NombreMunicipio]) VALUES (279, 6, N'PAZ DE RÕO')
INSERT [dbo].[Municipio] ([idMunicipio], [idDepartamento], [NombreMunicipio]) VALUES (280, 6, N'PESCA')
INSERT [dbo].[Municipio] ([idMunicipio], [idDepartamento], [NombreMunicipio]) VALUES (281, 6, N'PISBA')
INSERT [dbo].[Municipio] ([idMunicipio], [idDepartamento], [NombreMunicipio]) VALUES (282, 6, N'PUERTO BOYACA')
INSERT [dbo].[Municipio] ([idMunicipio], [idDepartamento], [NombreMunicipio]) VALUES (283, 6, N'QUÕPAMA')
INSERT [dbo].[Municipio] ([idMunicipio], [idDepartamento], [NombreMunicipio]) VALUES (284, 6, N'RAMIRIQUÕ')
INSERT [dbo].[Municipio] ([idMunicipio], [idDepartamento], [NombreMunicipio]) VALUES (285, 6, N'R¡QUIRA')
INSERT [dbo].[Municipio] ([idMunicipio], [idDepartamento], [NombreMunicipio]) VALUES (286, 6, N'ROND”N')
INSERT [dbo].[Municipio] ([idMunicipio], [idDepartamento], [NombreMunicipio]) VALUES (287, 6, N'SABOY¡')
INSERT [dbo].[Municipio] ([idMunicipio], [idDepartamento], [NombreMunicipio]) VALUES (288, 6, N'S¡CHICA')
INSERT [dbo].[Municipio] ([idMunicipio], [idDepartamento], [NombreMunicipio]) VALUES (289, 6, N'SAMAC¡')
INSERT [dbo].[Municipio] ([idMunicipio], [idDepartamento], [NombreMunicipio]) VALUES (290, 6, N'SAN EDUARDO')
INSERT [dbo].[Municipio] ([idMunicipio], [idDepartamento], [NombreMunicipio]) VALUES (291, 6, N'SAN JOS… DE PARE')
INSERT [dbo].[Municipio] ([idMunicipio], [idDepartamento], [NombreMunicipio]) VALUES (292, 6, N'SAN LUÕS DE GACENO')
INSERT [dbo].[Municipio] ([idMunicipio], [idDepartamento], [NombreMunicipio]) VALUES (293, 6, N'SAN MATEO')
INSERT [dbo].[Municipio] ([idMunicipio], [idDepartamento], [NombreMunicipio]) VALUES (294, 6, N'SAN MIGUEL DE SEMA')
INSERT [dbo].[Municipio] ([idMunicipio], [idDepartamento], [NombreMunicipio]) VALUES (295, 6, N'SAN PABLO DE BORBUR')
INSERT [dbo].[Municipio] ([idMunicipio], [idDepartamento], [NombreMunicipio]) VALUES (296, 6, N'SANTA MARÕA')
INSERT [dbo].[Municipio] ([idMunicipio], [idDepartamento], [NombreMunicipio]) VALUES (297, 6, N'SANTA ROSA DE VITERBO')
INSERT [dbo].[Municipio] ([idMunicipio], [idDepartamento], [NombreMunicipio]) VALUES (298, 6, N'SANTA SOFÕA')
INSERT [dbo].[Municipio] ([idMunicipio], [idDepartamento], [NombreMunicipio]) VALUES (299, 6, N'SANTANA')
INSERT [dbo].[Municipio] ([idMunicipio], [idDepartamento], [NombreMunicipio]) VALUES (300, 6, N'SATIVANORTE')
GO
INSERT [dbo].[Municipio] ([idMunicipio], [idDepartamento], [NombreMunicipio]) VALUES (301, 6, N'SATIVASUR')
INSERT [dbo].[Municipio] ([idMunicipio], [idDepartamento], [NombreMunicipio]) VALUES (302, 6, N'SIACHOQUE')
INSERT [dbo].[Municipio] ([idMunicipio], [idDepartamento], [NombreMunicipio]) VALUES (303, 6, N'SOAT¡')
INSERT [dbo].[Municipio] ([idMunicipio], [idDepartamento], [NombreMunicipio]) VALUES (304, 6, N'SOCHA')
INSERT [dbo].[Municipio] ([idMunicipio], [idDepartamento], [NombreMunicipio]) VALUES (305, 6, N'SOCOT¡')
INSERT [dbo].[Municipio] ([idMunicipio], [idDepartamento], [NombreMunicipio]) VALUES (306, 6, N'SOGAMOSO')
INSERT [dbo].[Municipio] ([idMunicipio], [idDepartamento], [NombreMunicipio]) VALUES (307, 6, N'SORA')
INSERT [dbo].[Municipio] ([idMunicipio], [idDepartamento], [NombreMunicipio]) VALUES (308, 6, N'SORAC¡')
INSERT [dbo].[Municipio] ([idMunicipio], [idDepartamento], [NombreMunicipio]) VALUES (309, 6, N'SOTAQUIR¡')
INSERT [dbo].[Municipio] ([idMunicipio], [idDepartamento], [NombreMunicipio]) VALUES (310, 6, N'SUSAC”N')
INSERT [dbo].[Municipio] ([idMunicipio], [idDepartamento], [NombreMunicipio]) VALUES (311, 6, N'SUTARMACH¡N')
INSERT [dbo].[Municipio] ([idMunicipio], [idDepartamento], [NombreMunicipio]) VALUES (312, 6, N'TASCO')
INSERT [dbo].[Municipio] ([idMunicipio], [idDepartamento], [NombreMunicipio]) VALUES (313, 6, N'TIBAN¡')
INSERT [dbo].[Municipio] ([idMunicipio], [idDepartamento], [NombreMunicipio]) VALUES (314, 6, N'TIBASOSA')
INSERT [dbo].[Municipio] ([idMunicipio], [idDepartamento], [NombreMunicipio]) VALUES (315, 6, N'TINJAC¡')
INSERT [dbo].[Municipio] ([idMunicipio], [idDepartamento], [NombreMunicipio]) VALUES (316, 6, N'TIPACOQUE')
INSERT [dbo].[Municipio] ([idMunicipio], [idDepartamento], [NombreMunicipio]) VALUES (317, 6, N'TOCA')
INSERT [dbo].[Municipio] ([idMunicipio], [idDepartamento], [NombreMunicipio]) VALUES (318, 6, N'TOG‹Õ')
INSERT [dbo].[Municipio] ([idMunicipio], [idDepartamento], [NombreMunicipio]) VALUES (319, 6, N'T”PAGA')
INSERT [dbo].[Municipio] ([idMunicipio], [idDepartamento], [NombreMunicipio]) VALUES (320, 6, N'TOTA')
INSERT [dbo].[Municipio] ([idMunicipio], [idDepartamento], [NombreMunicipio]) VALUES (321, 6, N'TUNJA')
INSERT [dbo].[Municipio] ([idMunicipio], [idDepartamento], [NombreMunicipio]) VALUES (322, 6, N'TUNUNGU¡')
INSERT [dbo].[Municipio] ([idMunicipio], [idDepartamento], [NombreMunicipio]) VALUES (323, 6, N'TURMEQU…')
INSERT [dbo].[Municipio] ([idMunicipio], [idDepartamento], [NombreMunicipio]) VALUES (324, 6, N'TUTA')
INSERT [dbo].[Municipio] ([idMunicipio], [idDepartamento], [NombreMunicipio]) VALUES (325, 6, N'TUTAZ¡')
INSERT [dbo].[Municipio] ([idMunicipio], [idDepartamento], [NombreMunicipio]) VALUES (326, 6, N'UMBITA')
INSERT [dbo].[Municipio] ([idMunicipio], [idDepartamento], [NombreMunicipio]) VALUES (327, 6, N'VENTA QUEMADA')
INSERT [dbo].[Municipio] ([idMunicipio], [idDepartamento], [NombreMunicipio]) VALUES (328, 6, N'VILLA DE LEYVA')
INSERT [dbo].[Municipio] ([idMunicipio], [idDepartamento], [NombreMunicipio]) VALUES (329, 6, N'VIRACACH¡')
INSERT [dbo].[Municipio] ([idMunicipio], [idDepartamento], [NombreMunicipio]) VALUES (330, 6, N'ZETAQUIRA')
INSERT [dbo].[Municipio] ([idMunicipio], [idDepartamento], [NombreMunicipio]) VALUES (331, 7, N'AGUADAS')
INSERT [dbo].[Municipio] ([idMunicipio], [idDepartamento], [NombreMunicipio]) VALUES (332, 7, N'ANSERMA')
INSERT [dbo].[Municipio] ([idMunicipio], [idDepartamento], [NombreMunicipio]) VALUES (333, 7, N'ARANZAZU')
INSERT [dbo].[Municipio] ([idMunicipio], [idDepartamento], [NombreMunicipio]) VALUES (334, 7, N'BELALCAZAR')
INSERT [dbo].[Municipio] ([idMunicipio], [idDepartamento], [NombreMunicipio]) VALUES (335, 7, N'CHINCHIN¡')
INSERT [dbo].[Municipio] ([idMunicipio], [idDepartamento], [NombreMunicipio]) VALUES (336, 7, N'FILADELFIA')
INSERT [dbo].[Municipio] ([idMunicipio], [idDepartamento], [NombreMunicipio]) VALUES (337, 7, N'LA DORADA')
INSERT [dbo].[Municipio] ([idMunicipio], [idDepartamento], [NombreMunicipio]) VALUES (338, 7, N'LA MERCED')
INSERT [dbo].[Municipio] ([idMunicipio], [idDepartamento], [NombreMunicipio]) VALUES (339, 7, N'MANIZALES')
INSERT [dbo].[Municipio] ([idMunicipio], [idDepartamento], [NombreMunicipio]) VALUES (340, 7, N'MANZANARES')
INSERT [dbo].[Municipio] ([idMunicipio], [idDepartamento], [NombreMunicipio]) VALUES (341, 7, N'MARMATO')
INSERT [dbo].[Municipio] ([idMunicipio], [idDepartamento], [NombreMunicipio]) VALUES (342, 7, N'MARQUETALIA')
INSERT [dbo].[Municipio] ([idMunicipio], [idDepartamento], [NombreMunicipio]) VALUES (343, 7, N'MARULANDA')
INSERT [dbo].[Municipio] ([idMunicipio], [idDepartamento], [NombreMunicipio]) VALUES (344, 7, N'NEIRA')
INSERT [dbo].[Municipio] ([idMunicipio], [idDepartamento], [NombreMunicipio]) VALUES (345, 7, N'NORCASIA')
INSERT [dbo].[Municipio] ([idMunicipio], [idDepartamento], [NombreMunicipio]) VALUES (346, 7, N'PACORA')
INSERT [dbo].[Municipio] ([idMunicipio], [idDepartamento], [NombreMunicipio]) VALUES (347, 7, N'PALESTINA')
INSERT [dbo].[Municipio] ([idMunicipio], [idDepartamento], [NombreMunicipio]) VALUES (348, 7, N'PENSILVANIA')
INSERT [dbo].[Municipio] ([idMunicipio], [idDepartamento], [NombreMunicipio]) VALUES (349, 7, N'RIOSUCIO')
INSERT [dbo].[Municipio] ([idMunicipio], [idDepartamento], [NombreMunicipio]) VALUES (350, 7, N'RISARALDA')
INSERT [dbo].[Municipio] ([idMunicipio], [idDepartamento], [NombreMunicipio]) VALUES (351, 7, N'SALAMINA')
INSERT [dbo].[Municipio] ([idMunicipio], [idDepartamento], [NombreMunicipio]) VALUES (352, 7, N'SAMANA')
INSERT [dbo].[Municipio] ([idMunicipio], [idDepartamento], [NombreMunicipio]) VALUES (353, 7, N'SAN JOSE')
INSERT [dbo].[Municipio] ([idMunicipio], [idDepartamento], [NombreMunicipio]) VALUES (354, 7, N'SUPÕA')
INSERT [dbo].[Municipio] ([idMunicipio], [idDepartamento], [NombreMunicipio]) VALUES (355, 7, N'VICTORIA')
INSERT [dbo].[Municipio] ([idMunicipio], [idDepartamento], [NombreMunicipio]) VALUES (356, 7, N'VILLAMARÕA')
INSERT [dbo].[Municipio] ([idMunicipio], [idDepartamento], [NombreMunicipio]) VALUES (357, 7, N'VITERBO')
INSERT [dbo].[Municipio] ([idMunicipio], [idDepartamento], [NombreMunicipio]) VALUES (358, 8, N'ALBANIA')
INSERT [dbo].[Municipio] ([idMunicipio], [idDepartamento], [NombreMunicipio]) VALUES (359, 8, N'BEL…N ANDAQUIES')
INSERT [dbo].[Municipio] ([idMunicipio], [idDepartamento], [NombreMunicipio]) VALUES (360, 8, N'CARTAGENA DEL CHAIRA')
INSERT [dbo].[Municipio] ([idMunicipio], [idDepartamento], [NombreMunicipio]) VALUES (361, 8, N'CURILLO')
INSERT [dbo].[Municipio] ([idMunicipio], [idDepartamento], [NombreMunicipio]) VALUES (362, 8, N'EL DONCELLO')
INSERT [dbo].[Municipio] ([idMunicipio], [idDepartamento], [NombreMunicipio]) VALUES (363, 8, N'EL PAUJIL')
INSERT [dbo].[Municipio] ([idMunicipio], [idDepartamento], [NombreMunicipio]) VALUES (364, 8, N'FLORENCIA')
INSERT [dbo].[Municipio] ([idMunicipio], [idDepartamento], [NombreMunicipio]) VALUES (365, 8, N'LA MONTA—ITA')
INSERT [dbo].[Municipio] ([idMunicipio], [idDepartamento], [NombreMunicipio]) VALUES (366, 8, N'MIL¡N')
INSERT [dbo].[Municipio] ([idMunicipio], [idDepartamento], [NombreMunicipio]) VALUES (367, 8, N'MORELIA')
INSERT [dbo].[Municipio] ([idMunicipio], [idDepartamento], [NombreMunicipio]) VALUES (368, 8, N'PUERTO RICO')
INSERT [dbo].[Municipio] ([idMunicipio], [idDepartamento], [NombreMunicipio]) VALUES (369, 8, N'SAN  VICENTE DEL CAGUAN')
INSERT [dbo].[Municipio] ([idMunicipio], [idDepartamento], [NombreMunicipio]) VALUES (370, 8, N'SAN JOS… DE FRAGUA')
INSERT [dbo].[Municipio] ([idMunicipio], [idDepartamento], [NombreMunicipio]) VALUES (371, 8, N'SOLANO')
INSERT [dbo].[Municipio] ([idMunicipio], [idDepartamento], [NombreMunicipio]) VALUES (372, 8, N'SOLITA')
INSERT [dbo].[Municipio] ([idMunicipio], [idDepartamento], [NombreMunicipio]) VALUES (373, 8, N'VALPARAÕSO')
INSERT [dbo].[Municipio] ([idMunicipio], [idDepartamento], [NombreMunicipio]) VALUES (374, 9, N'AGUAZUL')
INSERT [dbo].[Municipio] ([idMunicipio], [idDepartamento], [NombreMunicipio]) VALUES (375, 9, N'CHAMEZA')
INSERT [dbo].[Municipio] ([idMunicipio], [idDepartamento], [NombreMunicipio]) VALUES (376, 9, N'HATO COROZAL')
INSERT [dbo].[Municipio] ([idMunicipio], [idDepartamento], [NombreMunicipio]) VALUES (377, 9, N'LA SALINA')
INSERT [dbo].[Municipio] ([idMunicipio], [idDepartamento], [NombreMunicipio]) VALUES (378, 9, N'MANÕ')
INSERT [dbo].[Municipio] ([idMunicipio], [idDepartamento], [NombreMunicipio]) VALUES (379, 9, N'MONTERREY')
INSERT [dbo].[Municipio] ([idMunicipio], [idDepartamento], [NombreMunicipio]) VALUES (380, 9, N'NUNCHIA')
INSERT [dbo].[Municipio] ([idMunicipio], [idDepartamento], [NombreMunicipio]) VALUES (381, 9, N'OROCUE')
INSERT [dbo].[Municipio] ([idMunicipio], [idDepartamento], [NombreMunicipio]) VALUES (382, 9, N'PAZ DE ARIPORO')
INSERT [dbo].[Municipio] ([idMunicipio], [idDepartamento], [NombreMunicipio]) VALUES (383, 9, N'PORE')
INSERT [dbo].[Municipio] ([idMunicipio], [idDepartamento], [NombreMunicipio]) VALUES (384, 9, N'RECETOR')
INSERT [dbo].[Municipio] ([idMunicipio], [idDepartamento], [NombreMunicipio]) VALUES (385, 9, N'SABANA LARGA')
INSERT [dbo].[Municipio] ([idMunicipio], [idDepartamento], [NombreMunicipio]) VALUES (386, 9, N'SACAMA')
INSERT [dbo].[Municipio] ([idMunicipio], [idDepartamento], [NombreMunicipio]) VALUES (387, 9, N'SAN LUIS DE PALENQUE')
INSERT [dbo].[Municipio] ([idMunicipio], [idDepartamento], [NombreMunicipio]) VALUES (388, 9, N'TAMARA')
INSERT [dbo].[Municipio] ([idMunicipio], [idDepartamento], [NombreMunicipio]) VALUES (389, 9, N'TAURAMENA')
INSERT [dbo].[Municipio] ([idMunicipio], [idDepartamento], [NombreMunicipio]) VALUES (390, 9, N'TRINIDAD')
INSERT [dbo].[Municipio] ([idMunicipio], [idDepartamento], [NombreMunicipio]) VALUES (391, 9, N'VILLANUEVA')
INSERT [dbo].[Municipio] ([idMunicipio], [idDepartamento], [NombreMunicipio]) VALUES (392, 9, N'YOPAL')
INSERT [dbo].[Municipio] ([idMunicipio], [idDepartamento], [NombreMunicipio]) VALUES (393, 10, N'ALMAGUER')
INSERT [dbo].[Municipio] ([idMunicipio], [idDepartamento], [NombreMunicipio]) VALUES (394, 10, N'ARGELIA')
INSERT [dbo].[Municipio] ([idMunicipio], [idDepartamento], [NombreMunicipio]) VALUES (395, 10, N'BALBOA')
INSERT [dbo].[Municipio] ([idMunicipio], [idDepartamento], [NombreMunicipio]) VALUES (396, 10, N'BOLÕVAR')
INSERT [dbo].[Municipio] ([idMunicipio], [idDepartamento], [NombreMunicipio]) VALUES (397, 10, N'BUENOS AIRES')
INSERT [dbo].[Municipio] ([idMunicipio], [idDepartamento], [NombreMunicipio]) VALUES (398, 10, N'CAJIBIO')
INSERT [dbo].[Municipio] ([idMunicipio], [idDepartamento], [NombreMunicipio]) VALUES (399, 10, N'CALDONO')
INSERT [dbo].[Municipio] ([idMunicipio], [idDepartamento], [NombreMunicipio]) VALUES (400, 10, N'CALOTO')
GO
INSERT [dbo].[Municipio] ([idMunicipio], [idDepartamento], [NombreMunicipio]) VALUES (401, 10, N'CORINTO')
INSERT [dbo].[Municipio] ([idMunicipio], [idDepartamento], [NombreMunicipio]) VALUES (402, 10, N'EL TAMBO')
INSERT [dbo].[Municipio] ([idMunicipio], [idDepartamento], [NombreMunicipio]) VALUES (403, 10, N'FLORENCIA')
INSERT [dbo].[Municipio] ([idMunicipio], [idDepartamento], [NombreMunicipio]) VALUES (404, 10, N'GUAPI')
INSERT [dbo].[Municipio] ([idMunicipio], [idDepartamento], [NombreMunicipio]) VALUES (405, 10, N'INZA')
INSERT [dbo].[Municipio] ([idMunicipio], [idDepartamento], [NombreMunicipio]) VALUES (406, 10, N'JAMBAL”')
INSERT [dbo].[Municipio] ([idMunicipio], [idDepartamento], [NombreMunicipio]) VALUES (407, 10, N'LA SIERRA')
INSERT [dbo].[Municipio] ([idMunicipio], [idDepartamento], [NombreMunicipio]) VALUES (408, 10, N'LA VEGA')
INSERT [dbo].[Municipio] ([idMunicipio], [idDepartamento], [NombreMunicipio]) VALUES (409, 10, N'L”PEZ')
INSERT [dbo].[Municipio] ([idMunicipio], [idDepartamento], [NombreMunicipio]) VALUES (410, 10, N'MERCADERES')
INSERT [dbo].[Municipio] ([idMunicipio], [idDepartamento], [NombreMunicipio]) VALUES (411, 10, N'MIRANDA')
INSERT [dbo].[Municipio] ([idMunicipio], [idDepartamento], [NombreMunicipio]) VALUES (412, 10, N'MORALES')
INSERT [dbo].[Municipio] ([idMunicipio], [idDepartamento], [NombreMunicipio]) VALUES (413, 10, N'PADILLA')
INSERT [dbo].[Municipio] ([idMunicipio], [idDepartamento], [NombreMunicipio]) VALUES (414, 10, N'P¡EZ')
INSERT [dbo].[Municipio] ([idMunicipio], [idDepartamento], [NombreMunicipio]) VALUES (415, 10, N'PATIA (EL BORDO)')
INSERT [dbo].[Municipio] ([idMunicipio], [idDepartamento], [NombreMunicipio]) VALUES (416, 10, N'PIAMONTE')
INSERT [dbo].[Municipio] ([idMunicipio], [idDepartamento], [NombreMunicipio]) VALUES (417, 10, N'PIENDAMO')
INSERT [dbo].[Municipio] ([idMunicipio], [idDepartamento], [NombreMunicipio]) VALUES (418, 10, N'POPAY¡N')
INSERT [dbo].[Municipio] ([idMunicipio], [idDepartamento], [NombreMunicipio]) VALUES (419, 10, N'PUERTO TEJADA')
INSERT [dbo].[Municipio] ([idMunicipio], [idDepartamento], [NombreMunicipio]) VALUES (420, 10, N'PURACE')
INSERT [dbo].[Municipio] ([idMunicipio], [idDepartamento], [NombreMunicipio]) VALUES (421, 10, N'ROSAS')
INSERT [dbo].[Municipio] ([idMunicipio], [idDepartamento], [NombreMunicipio]) VALUES (422, 10, N'SAN SEBASTI¡N')
INSERT [dbo].[Municipio] ([idMunicipio], [idDepartamento], [NombreMunicipio]) VALUES (423, 10, N'SANTA ROSA')
INSERT [dbo].[Municipio] ([idMunicipio], [idDepartamento], [NombreMunicipio]) VALUES (424, 10, N'SANTANDER DE QUILICHAO')
INSERT [dbo].[Municipio] ([idMunicipio], [idDepartamento], [NombreMunicipio]) VALUES (425, 10, N'SILVIA')
INSERT [dbo].[Municipio] ([idMunicipio], [idDepartamento], [NombreMunicipio]) VALUES (426, 10, N'SOTARA')
INSERT [dbo].[Municipio] ([idMunicipio], [idDepartamento], [NombreMunicipio]) VALUES (427, 10, N'SU¡REZ')
INSERT [dbo].[Municipio] ([idMunicipio], [idDepartamento], [NombreMunicipio]) VALUES (428, 10, N'SUCRE')
INSERT [dbo].[Municipio] ([idMunicipio], [idDepartamento], [NombreMunicipio]) VALUES (429, 10, N'TIMBÕO')
INSERT [dbo].[Municipio] ([idMunicipio], [idDepartamento], [NombreMunicipio]) VALUES (430, 10, N'TIMBIQUÕ')
INSERT [dbo].[Municipio] ([idMunicipio], [idDepartamento], [NombreMunicipio]) VALUES (431, 10, N'TORIBIO')
INSERT [dbo].[Municipio] ([idMunicipio], [idDepartamento], [NombreMunicipio]) VALUES (432, 10, N'TOTORO')
INSERT [dbo].[Municipio] ([idMunicipio], [idDepartamento], [NombreMunicipio]) VALUES (433, 10, N'VILLA RICA')
INSERT [dbo].[Municipio] ([idMunicipio], [idDepartamento], [NombreMunicipio]) VALUES (434, 11, N'AGUACHICA')
INSERT [dbo].[Municipio] ([idMunicipio], [idDepartamento], [NombreMunicipio]) VALUES (435, 11, N'AGUSTÕN CODAZZI')
INSERT [dbo].[Municipio] ([idMunicipio], [idDepartamento], [NombreMunicipio]) VALUES (436, 11, N'ASTREA')
INSERT [dbo].[Municipio] ([idMunicipio], [idDepartamento], [NombreMunicipio]) VALUES (437, 11, N'BECERRIL')
INSERT [dbo].[Municipio] ([idMunicipio], [idDepartamento], [NombreMunicipio]) VALUES (438, 11, N'BOSCONIA')
INSERT [dbo].[Municipio] ([idMunicipio], [idDepartamento], [NombreMunicipio]) VALUES (439, 11, N'CHIMICHAGUA')
INSERT [dbo].[Municipio] ([idMunicipio], [idDepartamento], [NombreMunicipio]) VALUES (440, 11, N'CHIRIGUAN¡')
INSERT [dbo].[Municipio] ([idMunicipio], [idDepartamento], [NombreMunicipio]) VALUES (441, 11, N'CURUMANÕ')
INSERT [dbo].[Municipio] ([idMunicipio], [idDepartamento], [NombreMunicipio]) VALUES (442, 11, N'EL COPEY')
INSERT [dbo].[Municipio] ([idMunicipio], [idDepartamento], [NombreMunicipio]) VALUES (443, 11, N'EL PASO')
INSERT [dbo].[Municipio] ([idMunicipio], [idDepartamento], [NombreMunicipio]) VALUES (444, 11, N'GAMARRA')
INSERT [dbo].[Municipio] ([idMunicipio], [idDepartamento], [NombreMunicipio]) VALUES (445, 11, N'GONZ¡LEZ')
INSERT [dbo].[Municipio] ([idMunicipio], [idDepartamento], [NombreMunicipio]) VALUES (446, 11, N'LA GLORIA')
INSERT [dbo].[Municipio] ([idMunicipio], [idDepartamento], [NombreMunicipio]) VALUES (447, 11, N'LA JAGUA IBIRICO')
INSERT [dbo].[Municipio] ([idMunicipio], [idDepartamento], [NombreMunicipio]) VALUES (448, 11, N'MANAURE BALC”N DEL CESAR')
INSERT [dbo].[Municipio] ([idMunicipio], [idDepartamento], [NombreMunicipio]) VALUES (449, 11, N'PAILITAS')
INSERT [dbo].[Municipio] ([idMunicipio], [idDepartamento], [NombreMunicipio]) VALUES (450, 11, N'PELAYA')
INSERT [dbo].[Municipio] ([idMunicipio], [idDepartamento], [NombreMunicipio]) VALUES (451, 11, N'PUEBLO BELLO')
INSERT [dbo].[Municipio] ([idMunicipio], [idDepartamento], [NombreMunicipio]) VALUES (452, 11, N'RÕO DE ORO')
INSERT [dbo].[Municipio] ([idMunicipio], [idDepartamento], [NombreMunicipio]) VALUES (453, 11, N'ROBLES (LA PAZ)')
INSERT [dbo].[Municipio] ([idMunicipio], [idDepartamento], [NombreMunicipio]) VALUES (454, 11, N'SAN ALBERTO')
INSERT [dbo].[Municipio] ([idMunicipio], [idDepartamento], [NombreMunicipio]) VALUES (455, 11, N'SAN DIEGO')
INSERT [dbo].[Municipio] ([idMunicipio], [idDepartamento], [NombreMunicipio]) VALUES (456, 11, N'SAN MARTÕN')
INSERT [dbo].[Municipio] ([idMunicipio], [idDepartamento], [NombreMunicipio]) VALUES (457, 11, N'TAMALAMEQUE')
INSERT [dbo].[Municipio] ([idMunicipio], [idDepartamento], [NombreMunicipio]) VALUES (458, 11, N'VALLEDUPAR')
INSERT [dbo].[Municipio] ([idMunicipio], [idDepartamento], [NombreMunicipio]) VALUES (459, 12, N'ACANDI')
INSERT [dbo].[Municipio] ([idMunicipio], [idDepartamento], [NombreMunicipio]) VALUES (460, 12, N'ALTO BAUDO (PIE DE PATO)')
INSERT [dbo].[Municipio] ([idMunicipio], [idDepartamento], [NombreMunicipio]) VALUES (461, 12, N'ATRATO')
INSERT [dbo].[Municipio] ([idMunicipio], [idDepartamento], [NombreMunicipio]) VALUES (462, 12, N'BAGADO')
INSERT [dbo].[Municipio] ([idMunicipio], [idDepartamento], [NombreMunicipio]) VALUES (463, 12, N'BAHIA SOLANO (MUTIS)')
INSERT [dbo].[Municipio] ([idMunicipio], [idDepartamento], [NombreMunicipio]) VALUES (464, 12, N'BAJO BAUDO (PIZARRO)')
INSERT [dbo].[Municipio] ([idMunicipio], [idDepartamento], [NombreMunicipio]) VALUES (465, 12, N'BOJAYA (BELLAVISTA)')
INSERT [dbo].[Municipio] ([idMunicipio], [idDepartamento], [NombreMunicipio]) VALUES (466, 12, N'CANTON DE SAN PABLO')
INSERT [dbo].[Municipio] ([idMunicipio], [idDepartamento], [NombreMunicipio]) VALUES (467, 12, N'CARMEN DEL DARIEN')
INSERT [dbo].[Municipio] ([idMunicipio], [idDepartamento], [NombreMunicipio]) VALUES (468, 12, N'CERTEGUI')
INSERT [dbo].[Municipio] ([idMunicipio], [idDepartamento], [NombreMunicipio]) VALUES (469, 12, N'CONDOTO')
INSERT [dbo].[Municipio] ([idMunicipio], [idDepartamento], [NombreMunicipio]) VALUES (470, 12, N'EL CARMEN')
INSERT [dbo].[Municipio] ([idMunicipio], [idDepartamento], [NombreMunicipio]) VALUES (471, 12, N'ISTMINA')
INSERT [dbo].[Municipio] ([idMunicipio], [idDepartamento], [NombreMunicipio]) VALUES (472, 12, N'JURADO')
INSERT [dbo].[Municipio] ([idMunicipio], [idDepartamento], [NombreMunicipio]) VALUES (473, 12, N'LITORAL DEL SAN JUAN')
INSERT [dbo].[Municipio] ([idMunicipio], [idDepartamento], [NombreMunicipio]) VALUES (474, 12, N'LLORO')
INSERT [dbo].[Municipio] ([idMunicipio], [idDepartamento], [NombreMunicipio]) VALUES (475, 12, N'MEDIO ATRATO')
INSERT [dbo].[Municipio] ([idMunicipio], [idDepartamento], [NombreMunicipio]) VALUES (476, 12, N'MEDIO BAUDO (BOCA DE PEPE)')
INSERT [dbo].[Municipio] ([idMunicipio], [idDepartamento], [NombreMunicipio]) VALUES (477, 12, N'MEDIO SAN JUAN')
INSERT [dbo].[Municipio] ([idMunicipio], [idDepartamento], [NombreMunicipio]) VALUES (478, 12, N'NOVITA')
INSERT [dbo].[Municipio] ([idMunicipio], [idDepartamento], [NombreMunicipio]) VALUES (479, 12, N'NUQUI')
INSERT [dbo].[Municipio] ([idMunicipio], [idDepartamento], [NombreMunicipio]) VALUES (480, 12, N'QUIBDO')
INSERT [dbo].[Municipio] ([idMunicipio], [idDepartamento], [NombreMunicipio]) VALUES (481, 12, N'RIO IRO')
INSERT [dbo].[Municipio] ([idMunicipio], [idDepartamento], [NombreMunicipio]) VALUES (482, 12, N'RIO QUITO')
INSERT [dbo].[Municipio] ([idMunicipio], [idDepartamento], [NombreMunicipio]) VALUES (483, 12, N'RIOSUCIO')
INSERT [dbo].[Municipio] ([idMunicipio], [idDepartamento], [NombreMunicipio]) VALUES (484, 12, N'SAN JOSE DEL PALMAR')
INSERT [dbo].[Municipio] ([idMunicipio], [idDepartamento], [NombreMunicipio]) VALUES (485, 12, N'SIPI')
INSERT [dbo].[Municipio] ([idMunicipio], [idDepartamento], [NombreMunicipio]) VALUES (486, 12, N'TADO')
INSERT [dbo].[Municipio] ([idMunicipio], [idDepartamento], [NombreMunicipio]) VALUES (487, 12, N'UNGUIA')
INSERT [dbo].[Municipio] ([idMunicipio], [idDepartamento], [NombreMunicipio]) VALUES (488, 12, N'UNI”N PANAMERICANA')
INSERT [dbo].[Municipio] ([idMunicipio], [idDepartamento], [NombreMunicipio]) VALUES (489, 13, N'AYAPEL')
INSERT [dbo].[Municipio] ([idMunicipio], [idDepartamento], [NombreMunicipio]) VALUES (490, 13, N'BUENAVISTA')
INSERT [dbo].[Municipio] ([idMunicipio], [idDepartamento], [NombreMunicipio]) VALUES (491, 13, N'CANALETE')
INSERT [dbo].[Municipio] ([idMunicipio], [idDepartamento], [NombreMunicipio]) VALUES (492, 13, N'CERET…')
INSERT [dbo].[Municipio] ([idMunicipio], [idDepartamento], [NombreMunicipio]) VALUES (493, 13, N'CHIMA')
INSERT [dbo].[Municipio] ([idMunicipio], [idDepartamento], [NombreMunicipio]) VALUES (494, 13, N'CHIN⁄')
INSERT [dbo].[Municipio] ([idMunicipio], [idDepartamento], [NombreMunicipio]) VALUES (495, 13, N'CIENAGA DE ORO')
INSERT [dbo].[Municipio] ([idMunicipio], [idDepartamento], [NombreMunicipio]) VALUES (496, 13, N'COTORRA')
INSERT [dbo].[Municipio] ([idMunicipio], [idDepartamento], [NombreMunicipio]) VALUES (497, 13, N'LA APARTADA')
INSERT [dbo].[Municipio] ([idMunicipio], [idDepartamento], [NombreMunicipio]) VALUES (498, 13, N'LORICA')
INSERT [dbo].[Municipio] ([idMunicipio], [idDepartamento], [NombreMunicipio]) VALUES (499, 13, N'LOS C”RDOBAS')
INSERT [dbo].[Municipio] ([idMunicipio], [idDepartamento], [NombreMunicipio]) VALUES (500, 13, N'MOMIL')
GO
INSERT [dbo].[Municipio] ([idMunicipio], [idDepartamento], [NombreMunicipio]) VALUES (501, 13, N'MONTELÕBANO')
INSERT [dbo].[Municipio] ([idMunicipio], [idDepartamento], [NombreMunicipio]) VALUES (502, 13, N'MONTERÕA')
INSERT [dbo].[Municipio] ([idMunicipio], [idDepartamento], [NombreMunicipio]) VALUES (503, 13, N'MO—ITOS')
INSERT [dbo].[Municipio] ([idMunicipio], [idDepartamento], [NombreMunicipio]) VALUES (504, 13, N'PLANETA RICA')
INSERT [dbo].[Municipio] ([idMunicipio], [idDepartamento], [NombreMunicipio]) VALUES (505, 13, N'PUEBLO NUEVO')
INSERT [dbo].[Municipio] ([idMunicipio], [idDepartamento], [NombreMunicipio]) VALUES (506, 13, N'PUERTO ESCONDIDO')
INSERT [dbo].[Municipio] ([idMunicipio], [idDepartamento], [NombreMunicipio]) VALUES (507, 13, N'PUERTO LIBERTADOR')
INSERT [dbo].[Municipio] ([idMunicipio], [idDepartamento], [NombreMunicipio]) VALUES (508, 13, N'PURÕSIMA')
INSERT [dbo].[Municipio] ([idMunicipio], [idDepartamento], [NombreMunicipio]) VALUES (509, 13, N'SAHAG⁄N')
INSERT [dbo].[Municipio] ([idMunicipio], [idDepartamento], [NombreMunicipio]) VALUES (510, 13, N'SAN ANDR…S SOTAVENTO')
INSERT [dbo].[Municipio] ([idMunicipio], [idDepartamento], [NombreMunicipio]) VALUES (511, 13, N'SAN ANTERO')
INSERT [dbo].[Municipio] ([idMunicipio], [idDepartamento], [NombreMunicipio]) VALUES (512, 13, N'SAN BERNARDO VIENTO')
INSERT [dbo].[Municipio] ([idMunicipio], [idDepartamento], [NombreMunicipio]) VALUES (513, 13, N'SAN CARLOS')
INSERT [dbo].[Municipio] ([idMunicipio], [idDepartamento], [NombreMunicipio]) VALUES (514, 13, N'SAN PELAYO')
INSERT [dbo].[Municipio] ([idMunicipio], [idDepartamento], [NombreMunicipio]) VALUES (515, 13, N'TIERRALTA')
INSERT [dbo].[Municipio] ([idMunicipio], [idDepartamento], [NombreMunicipio]) VALUES (516, 13, N'VALENCIA')
INSERT [dbo].[Municipio] ([idMunicipio], [idDepartamento], [NombreMunicipio]) VALUES (517, 14, N'AGUA DE DIOS')
INSERT [dbo].[Municipio] ([idMunicipio], [idDepartamento], [NombreMunicipio]) VALUES (518, 14, N'ALBAN')
INSERT [dbo].[Municipio] ([idMunicipio], [idDepartamento], [NombreMunicipio]) VALUES (519, 14, N'ANAPOIMA')
INSERT [dbo].[Municipio] ([idMunicipio], [idDepartamento], [NombreMunicipio]) VALUES (520, 14, N'ANOLAIMA')
INSERT [dbo].[Municipio] ([idMunicipio], [idDepartamento], [NombreMunicipio]) VALUES (521, 14, N'ARBELAEZ')
INSERT [dbo].[Municipio] ([idMunicipio], [idDepartamento], [NombreMunicipio]) VALUES (522, 14, N'BELTR¡N')
INSERT [dbo].[Municipio] ([idMunicipio], [idDepartamento], [NombreMunicipio]) VALUES (523, 14, N'BITUIMA')
INSERT [dbo].[Municipio] ([idMunicipio], [idDepartamento], [NombreMunicipio]) VALUES (524, 14, N'BOGOT¡ DC')
INSERT [dbo].[Municipio] ([idMunicipio], [idDepartamento], [NombreMunicipio]) VALUES (525, 14, N'BOJAC¡')
INSERT [dbo].[Municipio] ([idMunicipio], [idDepartamento], [NombreMunicipio]) VALUES (526, 14, N'CABRERA')
INSERT [dbo].[Municipio] ([idMunicipio], [idDepartamento], [NombreMunicipio]) VALUES (527, 14, N'CACHIPAY')
INSERT [dbo].[Municipio] ([idMunicipio], [idDepartamento], [NombreMunicipio]) VALUES (528, 14, N'CAJIC¡')
INSERT [dbo].[Municipio] ([idMunicipio], [idDepartamento], [NombreMunicipio]) VALUES (529, 14, N'CAPARRAPÕ')
INSERT [dbo].[Municipio] ([idMunicipio], [idDepartamento], [NombreMunicipio]) VALUES (530, 14, N'CAQUEZA')
INSERT [dbo].[Municipio] ([idMunicipio], [idDepartamento], [NombreMunicipio]) VALUES (531, 14, N'CARMEN DE CARUPA')
INSERT [dbo].[Municipio] ([idMunicipio], [idDepartamento], [NombreMunicipio]) VALUES (532, 14, N'CHAGUANÕ')
INSERT [dbo].[Municipio] ([idMunicipio], [idDepartamento], [NombreMunicipio]) VALUES (533, 14, N'CHIA')
INSERT [dbo].[Municipio] ([idMunicipio], [idDepartamento], [NombreMunicipio]) VALUES (534, 14, N'CHIPAQUE')
INSERT [dbo].[Municipio] ([idMunicipio], [idDepartamento], [NombreMunicipio]) VALUES (535, 14, N'CHOACHÕ')
INSERT [dbo].[Municipio] ([idMunicipio], [idDepartamento], [NombreMunicipio]) VALUES (536, 14, N'CHOCONT¡')
INSERT [dbo].[Municipio] ([idMunicipio], [idDepartamento], [NombreMunicipio]) VALUES (537, 14, N'COGUA')
INSERT [dbo].[Municipio] ([idMunicipio], [idDepartamento], [NombreMunicipio]) VALUES (538, 14, N'COTA')
INSERT [dbo].[Municipio] ([idMunicipio], [idDepartamento], [NombreMunicipio]) VALUES (539, 14, N'CUCUNUB¡')
INSERT [dbo].[Municipio] ([idMunicipio], [idDepartamento], [NombreMunicipio]) VALUES (540, 14, N'EL COLEGIO')
INSERT [dbo].[Municipio] ([idMunicipio], [idDepartamento], [NombreMunicipio]) VALUES (541, 14, N'EL PE—”N')
INSERT [dbo].[Municipio] ([idMunicipio], [idDepartamento], [NombreMunicipio]) VALUES (542, 14, N'EL ROSAL1')
INSERT [dbo].[Municipio] ([idMunicipio], [idDepartamento], [NombreMunicipio]) VALUES (543, 14, N'FACATATIVA')
INSERT [dbo].[Municipio] ([idMunicipio], [idDepartamento], [NombreMunicipio]) VALUES (544, 14, N'F”MEQUE')
INSERT [dbo].[Municipio] ([idMunicipio], [idDepartamento], [NombreMunicipio]) VALUES (545, 14, N'FOSCA')
INSERT [dbo].[Municipio] ([idMunicipio], [idDepartamento], [NombreMunicipio]) VALUES (546, 14, N'FUNZA')
INSERT [dbo].[Municipio] ([idMunicipio], [idDepartamento], [NombreMunicipio]) VALUES (547, 14, N'F⁄QUENE')
INSERT [dbo].[Municipio] ([idMunicipio], [idDepartamento], [NombreMunicipio]) VALUES (548, 14, N'FUSAGASUGA')
INSERT [dbo].[Municipio] ([idMunicipio], [idDepartamento], [NombreMunicipio]) VALUES (549, 14, N'GACHAL¡')
INSERT [dbo].[Municipio] ([idMunicipio], [idDepartamento], [NombreMunicipio]) VALUES (550, 14, N'GACHANCIP¡')
INSERT [dbo].[Municipio] ([idMunicipio], [idDepartamento], [NombreMunicipio]) VALUES (551, 14, N'GACHETA')
INSERT [dbo].[Municipio] ([idMunicipio], [idDepartamento], [NombreMunicipio]) VALUES (552, 14, N'GAMA')
INSERT [dbo].[Municipio] ([idMunicipio], [idDepartamento], [NombreMunicipio]) VALUES (553, 14, N'GIRARDOT')
INSERT [dbo].[Municipio] ([idMunicipio], [idDepartamento], [NombreMunicipio]) VALUES (554, 14, N'GRANADA2')
INSERT [dbo].[Municipio] ([idMunicipio], [idDepartamento], [NombreMunicipio]) VALUES (555, 14, N'GUACHET¡')
INSERT [dbo].[Municipio] ([idMunicipio], [idDepartamento], [NombreMunicipio]) VALUES (556, 14, N'GUADUAS')
INSERT [dbo].[Municipio] ([idMunicipio], [idDepartamento], [NombreMunicipio]) VALUES (557, 14, N'GUASCA')
INSERT [dbo].[Municipio] ([idMunicipio], [idDepartamento], [NombreMunicipio]) VALUES (558, 14, N'GUATAQUÕ')
INSERT [dbo].[Municipio] ([idMunicipio], [idDepartamento], [NombreMunicipio]) VALUES (559, 14, N'GUATAVITA')
INSERT [dbo].[Municipio] ([idMunicipio], [idDepartamento], [NombreMunicipio]) VALUES (560, 14, N'GUAYABAL DE SIQUIMA')
INSERT [dbo].[Municipio] ([idMunicipio], [idDepartamento], [NombreMunicipio]) VALUES (561, 14, N'GUAYABETAL')
INSERT [dbo].[Municipio] ([idMunicipio], [idDepartamento], [NombreMunicipio]) VALUES (562, 14, N'GUTI…RREZ')
INSERT [dbo].[Municipio] ([idMunicipio], [idDepartamento], [NombreMunicipio]) VALUES (563, 14, N'JERUSAL…N')
INSERT [dbo].[Municipio] ([idMunicipio], [idDepartamento], [NombreMunicipio]) VALUES (564, 14, N'JUNÕN')
INSERT [dbo].[Municipio] ([idMunicipio], [idDepartamento], [NombreMunicipio]) VALUES (565, 14, N'LA CALERA')
INSERT [dbo].[Municipio] ([idMunicipio], [idDepartamento], [NombreMunicipio]) VALUES (566, 14, N'LA MESA')
INSERT [dbo].[Municipio] ([idMunicipio], [idDepartamento], [NombreMunicipio]) VALUES (567, 14, N'LA PALMA')
INSERT [dbo].[Municipio] ([idMunicipio], [idDepartamento], [NombreMunicipio]) VALUES (568, 14, N'LA PE—A')
INSERT [dbo].[Municipio] ([idMunicipio], [idDepartamento], [NombreMunicipio]) VALUES (569, 14, N'LA VEGA')
INSERT [dbo].[Municipio] ([idMunicipio], [idDepartamento], [NombreMunicipio]) VALUES (570, 14, N'LENGUAZAQUE')
INSERT [dbo].[Municipio] ([idMunicipio], [idDepartamento], [NombreMunicipio]) VALUES (571, 14, N'MACHET¡')
INSERT [dbo].[Municipio] ([idMunicipio], [idDepartamento], [NombreMunicipio]) VALUES (572, 14, N'MADRID')
INSERT [dbo].[Municipio] ([idMunicipio], [idDepartamento], [NombreMunicipio]) VALUES (573, 14, N'MANTA')
INSERT [dbo].[Municipio] ([idMunicipio], [idDepartamento], [NombreMunicipio]) VALUES (574, 14, N'MEDINA')
INSERT [dbo].[Municipio] ([idMunicipio], [idDepartamento], [NombreMunicipio]) VALUES (575, 14, N'MOSQUERA')
INSERT [dbo].[Municipio] ([idMunicipio], [idDepartamento], [NombreMunicipio]) VALUES (576, 14, N'NARI—O')
INSERT [dbo].[Municipio] ([idMunicipio], [idDepartamento], [NombreMunicipio]) VALUES (577, 14, N'NEMOC”N')
INSERT [dbo].[Municipio] ([idMunicipio], [idDepartamento], [NombreMunicipio]) VALUES (578, 14, N'NILO')
INSERT [dbo].[Municipio] ([idMunicipio], [idDepartamento], [NombreMunicipio]) VALUES (579, 14, N'NIMAIMA')
INSERT [dbo].[Municipio] ([idMunicipio], [idDepartamento], [NombreMunicipio]) VALUES (580, 14, N'NOCAIMA')
INSERT [dbo].[Municipio] ([idMunicipio], [idDepartamento], [NombreMunicipio]) VALUES (581, 14, N'OSPINA P…REZ')
INSERT [dbo].[Municipio] ([idMunicipio], [idDepartamento], [NombreMunicipio]) VALUES (582, 14, N'PACHO')
INSERT [dbo].[Municipio] ([idMunicipio], [idDepartamento], [NombreMunicipio]) VALUES (583, 14, N'PAIME')
INSERT [dbo].[Municipio] ([idMunicipio], [idDepartamento], [NombreMunicipio]) VALUES (584, 14, N'PANDI')
INSERT [dbo].[Municipio] ([idMunicipio], [idDepartamento], [NombreMunicipio]) VALUES (585, 14, N'PARATEBUENO')
INSERT [dbo].[Municipio] ([idMunicipio], [idDepartamento], [NombreMunicipio]) VALUES (586, 14, N'PASCA')
INSERT [dbo].[Municipio] ([idMunicipio], [idDepartamento], [NombreMunicipio]) VALUES (587, 14, N'PUERTO SALGAR')
INSERT [dbo].[Municipio] ([idMunicipio], [idDepartamento], [NombreMunicipio]) VALUES (588, 14, N'PULÕ')
INSERT [dbo].[Municipio] ([idMunicipio], [idDepartamento], [NombreMunicipio]) VALUES (589, 14, N'QUEBRADANEGRA')
INSERT [dbo].[Municipio] ([idMunicipio], [idDepartamento], [NombreMunicipio]) VALUES (590, 14, N'QUETAME')
INSERT [dbo].[Municipio] ([idMunicipio], [idDepartamento], [NombreMunicipio]) VALUES (591, 14, N'QUIPILE')
INSERT [dbo].[Municipio] ([idMunicipio], [idDepartamento], [NombreMunicipio]) VALUES (592, 14, N'RAFAEL REYES')
INSERT [dbo].[Municipio] ([idMunicipio], [idDepartamento], [NombreMunicipio]) VALUES (593, 14, N'RICAURTE')
INSERT [dbo].[Municipio] ([idMunicipio], [idDepartamento], [NombreMunicipio]) VALUES (594, 14, N'SAN  ANTONIO DEL  TEQUENDAMA')
INSERT [dbo].[Municipio] ([idMunicipio], [idDepartamento], [NombreMunicipio]) VALUES (595, 14, N'SAN BERNARDO')
INSERT [dbo].[Municipio] ([idMunicipio], [idDepartamento], [NombreMunicipio]) VALUES (596, 14, N'SAN CAYETANO')
INSERT [dbo].[Municipio] ([idMunicipio], [idDepartamento], [NombreMunicipio]) VALUES (597, 14, N'SAN FRANCISCO')
INSERT [dbo].[Municipio] ([idMunicipio], [idDepartamento], [NombreMunicipio]) VALUES (598, 14, N'SAN JUAN DE RIOSECO')
INSERT [dbo].[Municipio] ([idMunicipio], [idDepartamento], [NombreMunicipio]) VALUES (599, 14, N'SASAIMA')
INSERT [dbo].[Municipio] ([idMunicipio], [idDepartamento], [NombreMunicipio]) VALUES (600, 14, N'SESQUIL…')
GO
INSERT [dbo].[Municipio] ([idMunicipio], [idDepartamento], [NombreMunicipio]) VALUES (601, 14, N'SIBAT…')
INSERT [dbo].[Municipio] ([idMunicipio], [idDepartamento], [NombreMunicipio]) VALUES (602, 14, N'SILVANIA')
INSERT [dbo].[Municipio] ([idMunicipio], [idDepartamento], [NombreMunicipio]) VALUES (603, 14, N'SIMIJACA')
INSERT [dbo].[Municipio] ([idMunicipio], [idDepartamento], [NombreMunicipio]) VALUES (604, 14, N'SOACHA')
INSERT [dbo].[Municipio] ([idMunicipio], [idDepartamento], [NombreMunicipio]) VALUES (605, 14, N'SOPO')
INSERT [dbo].[Municipio] ([idMunicipio], [idDepartamento], [NombreMunicipio]) VALUES (606, 14, N'SUBACHOQUE')
INSERT [dbo].[Municipio] ([idMunicipio], [idDepartamento], [NombreMunicipio]) VALUES (607, 14, N'SUESCA')
INSERT [dbo].[Municipio] ([idMunicipio], [idDepartamento], [NombreMunicipio]) VALUES (608, 14, N'SUPAT¡')
INSERT [dbo].[Municipio] ([idMunicipio], [idDepartamento], [NombreMunicipio]) VALUES (609, 14, N'SUSA')
INSERT [dbo].[Municipio] ([idMunicipio], [idDepartamento], [NombreMunicipio]) VALUES (610, 14, N'SUTATAUSA')
INSERT [dbo].[Municipio] ([idMunicipio], [idDepartamento], [NombreMunicipio]) VALUES (611, 14, N'TABIO')
INSERT [dbo].[Municipio] ([idMunicipio], [idDepartamento], [NombreMunicipio]) VALUES (612, 14, N'TAUSA')
INSERT [dbo].[Municipio] ([idMunicipio], [idDepartamento], [NombreMunicipio]) VALUES (613, 14, N'TENA')
INSERT [dbo].[Municipio] ([idMunicipio], [idDepartamento], [NombreMunicipio]) VALUES (614, 14, N'TENJO')
INSERT [dbo].[Municipio] ([idMunicipio], [idDepartamento], [NombreMunicipio]) VALUES (615, 14, N'TIBACUY')
INSERT [dbo].[Municipio] ([idMunicipio], [idDepartamento], [NombreMunicipio]) VALUES (616, 14, N'TIBIRITA')
INSERT [dbo].[Municipio] ([idMunicipio], [idDepartamento], [NombreMunicipio]) VALUES (617, 14, N'TOCAIMA')
INSERT [dbo].[Municipio] ([idMunicipio], [idDepartamento], [NombreMunicipio]) VALUES (618, 14, N'TOCANCIP¡')
INSERT [dbo].[Municipio] ([idMunicipio], [idDepartamento], [NombreMunicipio]) VALUES (619, 14, N'TOPAIPÕ')
INSERT [dbo].[Municipio] ([idMunicipio], [idDepartamento], [NombreMunicipio]) VALUES (620, 14, N'UBAL¡')
INSERT [dbo].[Municipio] ([idMunicipio], [idDepartamento], [NombreMunicipio]) VALUES (621, 14, N'UBAQUE')
INSERT [dbo].[Municipio] ([idMunicipio], [idDepartamento], [NombreMunicipio]) VALUES (622, 14, N'UBAT…')
INSERT [dbo].[Municipio] ([idMunicipio], [idDepartamento], [NombreMunicipio]) VALUES (623, 14, N'UNE')
INSERT [dbo].[Municipio] ([idMunicipio], [idDepartamento], [NombreMunicipio]) VALUES (624, 14, N'UTICA')
INSERT [dbo].[Municipio] ([idMunicipio], [idDepartamento], [NombreMunicipio]) VALUES (625, 14, N'VERGARA')
INSERT [dbo].[Municipio] ([idMunicipio], [idDepartamento], [NombreMunicipio]) VALUES (626, 14, N'VIANI')
INSERT [dbo].[Municipio] ([idMunicipio], [idDepartamento], [NombreMunicipio]) VALUES (627, 14, N'VILLA GOMEZ')
INSERT [dbo].[Municipio] ([idMunicipio], [idDepartamento], [NombreMunicipio]) VALUES (628, 14, N'VILLA PINZ”N')
INSERT [dbo].[Municipio] ([idMunicipio], [idDepartamento], [NombreMunicipio]) VALUES (629, 14, N'VILLETA')
INSERT [dbo].[Municipio] ([idMunicipio], [idDepartamento], [NombreMunicipio]) VALUES (630, 14, N'VIOTA')
INSERT [dbo].[Municipio] ([idMunicipio], [idDepartamento], [NombreMunicipio]) VALUES (631, 14, N'YACOPÕ')
INSERT [dbo].[Municipio] ([idMunicipio], [idDepartamento], [NombreMunicipio]) VALUES (632, 14, N'ZIPAC”N')
INSERT [dbo].[Municipio] ([idMunicipio], [idDepartamento], [NombreMunicipio]) VALUES (633, 14, N'ZIPAQUIR¡')
INSERT [dbo].[Municipio] ([idMunicipio], [idDepartamento], [NombreMunicipio]) VALUES (634, 15, N'BARRANCO MINAS')
INSERT [dbo].[Municipio] ([idMunicipio], [idDepartamento], [NombreMunicipio]) VALUES (635, 15, N'CACAHUAL')
INSERT [dbo].[Municipio] ([idMunicipio], [idDepartamento], [NombreMunicipio]) VALUES (636, 15, N'INÕRIDA')
INSERT [dbo].[Municipio] ([idMunicipio], [idDepartamento], [NombreMunicipio]) VALUES (637, 15, N'LA GUADALUPE')
INSERT [dbo].[Municipio] ([idMunicipio], [idDepartamento], [NombreMunicipio]) VALUES (638, 15, N'MAPIRIPANA')
INSERT [dbo].[Municipio] ([idMunicipio], [idDepartamento], [NombreMunicipio]) VALUES (639, 15, N'MORICHAL')
INSERT [dbo].[Municipio] ([idMunicipio], [idDepartamento], [NombreMunicipio]) VALUES (640, 15, N'PANA PANA')
INSERT [dbo].[Municipio] ([idMunicipio], [idDepartamento], [NombreMunicipio]) VALUES (641, 15, N'PUERTO COLOMBIA')
INSERT [dbo].[Municipio] ([idMunicipio], [idDepartamento], [NombreMunicipio]) VALUES (642, 15, N'SAN FELIPE')
INSERT [dbo].[Municipio] ([idMunicipio], [idDepartamento], [NombreMunicipio]) VALUES (643, 16, N'CALAMAR')
INSERT [dbo].[Municipio] ([idMunicipio], [idDepartamento], [NombreMunicipio]) VALUES (644, 16, N'EL RETORNO')
INSERT [dbo].[Municipio] ([idMunicipio], [idDepartamento], [NombreMunicipio]) VALUES (645, 16, N'MIRAFLOREZ')
INSERT [dbo].[Municipio] ([idMunicipio], [idDepartamento], [NombreMunicipio]) VALUES (646, 16, N'SAN JOS… DEL GUAVIARE')
INSERT [dbo].[Municipio] ([idMunicipio], [idDepartamento], [NombreMunicipio]) VALUES (647, 17, N'ACEVEDO')
INSERT [dbo].[Municipio] ([idMunicipio], [idDepartamento], [NombreMunicipio]) VALUES (648, 17, N'AGRADO')
INSERT [dbo].[Municipio] ([idMunicipio], [idDepartamento], [NombreMunicipio]) VALUES (649, 17, N'AIPE')
INSERT [dbo].[Municipio] ([idMunicipio], [idDepartamento], [NombreMunicipio]) VALUES (650, 17, N'ALGECIRAS')
INSERT [dbo].[Municipio] ([idMunicipio], [idDepartamento], [NombreMunicipio]) VALUES (651, 17, N'ALTAMIRA')
INSERT [dbo].[Municipio] ([idMunicipio], [idDepartamento], [NombreMunicipio]) VALUES (652, 17, N'BARAYA')
INSERT [dbo].[Municipio] ([idMunicipio], [idDepartamento], [NombreMunicipio]) VALUES (653, 17, N'CAMPO ALEGRE')
INSERT [dbo].[Municipio] ([idMunicipio], [idDepartamento], [NombreMunicipio]) VALUES (654, 17, N'COLOMBIA')
INSERT [dbo].[Municipio] ([idMunicipio], [idDepartamento], [NombreMunicipio]) VALUES (655, 17, N'ELIAS')
INSERT [dbo].[Municipio] ([idMunicipio], [idDepartamento], [NombreMunicipio]) VALUES (656, 17, N'GARZ”N')
INSERT [dbo].[Municipio] ([idMunicipio], [idDepartamento], [NombreMunicipio]) VALUES (657, 17, N'GIGANTE')
INSERT [dbo].[Municipio] ([idMunicipio], [idDepartamento], [NombreMunicipio]) VALUES (658, 17, N'GUADALUPE')
INSERT [dbo].[Municipio] ([idMunicipio], [idDepartamento], [NombreMunicipio]) VALUES (659, 17, N'HOBO')
INSERT [dbo].[Municipio] ([idMunicipio], [idDepartamento], [NombreMunicipio]) VALUES (660, 17, N'IQUIRA')
INSERT [dbo].[Municipio] ([idMunicipio], [idDepartamento], [NombreMunicipio]) VALUES (661, 17, N'ISNOS')
INSERT [dbo].[Municipio] ([idMunicipio], [idDepartamento], [NombreMunicipio]) VALUES (662, 17, N'LA ARGENTINA')
INSERT [dbo].[Municipio] ([idMunicipio], [idDepartamento], [NombreMunicipio]) VALUES (663, 17, N'LA PLATA')
INSERT [dbo].[Municipio] ([idMunicipio], [idDepartamento], [NombreMunicipio]) VALUES (664, 17, N'NATAGA')
INSERT [dbo].[Municipio] ([idMunicipio], [idDepartamento], [NombreMunicipio]) VALUES (665, 17, N'NEIVA')
INSERT [dbo].[Municipio] ([idMunicipio], [idDepartamento], [NombreMunicipio]) VALUES (666, 17, N'OPORAPA')
INSERT [dbo].[Municipio] ([idMunicipio], [idDepartamento], [NombreMunicipio]) VALUES (667, 17, N'PAICOL')
INSERT [dbo].[Municipio] ([idMunicipio], [idDepartamento], [NombreMunicipio]) VALUES (668, 17, N'PALERMO')
INSERT [dbo].[Municipio] ([idMunicipio], [idDepartamento], [NombreMunicipio]) VALUES (669, 17, N'PALESTINA')
INSERT [dbo].[Municipio] ([idMunicipio], [idDepartamento], [NombreMunicipio]) VALUES (670, 17, N'PITAL')
INSERT [dbo].[Municipio] ([idMunicipio], [idDepartamento], [NombreMunicipio]) VALUES (671, 17, N'PITALITO')
INSERT [dbo].[Municipio] ([idMunicipio], [idDepartamento], [NombreMunicipio]) VALUES (672, 17, N'RIVERA')
INSERT [dbo].[Municipio] ([idMunicipio], [idDepartamento], [NombreMunicipio]) VALUES (673, 17, N'SALADO BLANCO')
INSERT [dbo].[Municipio] ([idMunicipio], [idDepartamento], [NombreMunicipio]) VALUES (674, 17, N'SAN AGUSTÕN')
INSERT [dbo].[Municipio] ([idMunicipio], [idDepartamento], [NombreMunicipio]) VALUES (675, 17, N'SANTA MARIA')
INSERT [dbo].[Municipio] ([idMunicipio], [idDepartamento], [NombreMunicipio]) VALUES (676, 17, N'SUAZA')
INSERT [dbo].[Municipio] ([idMunicipio], [idDepartamento], [NombreMunicipio]) VALUES (677, 17, N'TARQUI')
INSERT [dbo].[Municipio] ([idMunicipio], [idDepartamento], [NombreMunicipio]) VALUES (678, 17, N'TELLO')
INSERT [dbo].[Municipio] ([idMunicipio], [idDepartamento], [NombreMunicipio]) VALUES (679, 17, N'TERUEL')
INSERT [dbo].[Municipio] ([idMunicipio], [idDepartamento], [NombreMunicipio]) VALUES (680, 17, N'TESALIA')
INSERT [dbo].[Municipio] ([idMunicipio], [idDepartamento], [NombreMunicipio]) VALUES (681, 17, N'TIMANA')
INSERT [dbo].[Municipio] ([idMunicipio], [idDepartamento], [NombreMunicipio]) VALUES (682, 17, N'VILLAVIEJA')
INSERT [dbo].[Municipio] ([idMunicipio], [idDepartamento], [NombreMunicipio]) VALUES (683, 17, N'YAGUARA')
INSERT [dbo].[Municipio] ([idMunicipio], [idDepartamento], [NombreMunicipio]) VALUES (684, 18, N'ALBANIA')
INSERT [dbo].[Municipio] ([idMunicipio], [idDepartamento], [NombreMunicipio]) VALUES (685, 18, N'BARRANCAS')
INSERT [dbo].[Municipio] ([idMunicipio], [idDepartamento], [NombreMunicipio]) VALUES (686, 18, N'DIBULLA')
INSERT [dbo].[Municipio] ([idMunicipio], [idDepartamento], [NombreMunicipio]) VALUES (687, 18, N'DISTRACCI”N')
INSERT [dbo].[Municipio] ([idMunicipio], [idDepartamento], [NombreMunicipio]) VALUES (688, 18, N'EL MOLINO')
INSERT [dbo].[Municipio] ([idMunicipio], [idDepartamento], [NombreMunicipio]) VALUES (689, 18, N'FONSECA')
INSERT [dbo].[Municipio] ([idMunicipio], [idDepartamento], [NombreMunicipio]) VALUES (690, 18, N'HATO NUEVO')
INSERT [dbo].[Municipio] ([idMunicipio], [idDepartamento], [NombreMunicipio]) VALUES (691, 18, N'LA JAGUA DEL PILAR')
INSERT [dbo].[Municipio] ([idMunicipio], [idDepartamento], [NombreMunicipio]) VALUES (692, 18, N'MAICAO')
INSERT [dbo].[Municipio] ([idMunicipio], [idDepartamento], [NombreMunicipio]) VALUES (693, 18, N'MANAURE')
INSERT [dbo].[Municipio] ([idMunicipio], [idDepartamento], [NombreMunicipio]) VALUES (694, 18, N'RIOHACHA')
INSERT [dbo].[Municipio] ([idMunicipio], [idDepartamento], [NombreMunicipio]) VALUES (695, 18, N'SAN JUAN DEL CESAR')
INSERT [dbo].[Municipio] ([idMunicipio], [idDepartamento], [NombreMunicipio]) VALUES (696, 18, N'URIBIA')
INSERT [dbo].[Municipio] ([idMunicipio], [idDepartamento], [NombreMunicipio]) VALUES (697, 18, N'URUMITA')
INSERT [dbo].[Municipio] ([idMunicipio], [idDepartamento], [NombreMunicipio]) VALUES (698, 18, N'VILLANUEVA')
INSERT [dbo].[Municipio] ([idMunicipio], [idDepartamento], [NombreMunicipio]) VALUES (699, 19, N'ALGARROBO')
INSERT [dbo].[Municipio] ([idMunicipio], [idDepartamento], [NombreMunicipio]) VALUES (700, 19, N'ARACATACA')
GO
INSERT [dbo].[Municipio] ([idMunicipio], [idDepartamento], [NombreMunicipio]) VALUES (701, 19, N'ARIGUANI')
INSERT [dbo].[Municipio] ([idMunicipio], [idDepartamento], [NombreMunicipio]) VALUES (702, 19, N'CERRO SAN ANTONIO')
INSERT [dbo].[Municipio] ([idMunicipio], [idDepartamento], [NombreMunicipio]) VALUES (703, 19, N'CHIVOLO')
INSERT [dbo].[Municipio] ([idMunicipio], [idDepartamento], [NombreMunicipio]) VALUES (704, 19, N'CIENAGA')
INSERT [dbo].[Municipio] ([idMunicipio], [idDepartamento], [NombreMunicipio]) VALUES (705, 19, N'CONCORDIA')
INSERT [dbo].[Municipio] ([idMunicipio], [idDepartamento], [NombreMunicipio]) VALUES (706, 19, N'EL BANCO')
INSERT [dbo].[Municipio] ([idMunicipio], [idDepartamento], [NombreMunicipio]) VALUES (707, 19, N'EL PI—ON')
INSERT [dbo].[Municipio] ([idMunicipio], [idDepartamento], [NombreMunicipio]) VALUES (708, 19, N'EL RETEN')
INSERT [dbo].[Municipio] ([idMunicipio], [idDepartamento], [NombreMunicipio]) VALUES (709, 19, N'FUNDACION')
INSERT [dbo].[Municipio] ([idMunicipio], [idDepartamento], [NombreMunicipio]) VALUES (710, 19, N'GUAMAL')
INSERT [dbo].[Municipio] ([idMunicipio], [idDepartamento], [NombreMunicipio]) VALUES (711, 19, N'NUEVA GRANADA')
INSERT [dbo].[Municipio] ([idMunicipio], [idDepartamento], [NombreMunicipio]) VALUES (712, 19, N'PEDRAZA')
INSERT [dbo].[Municipio] ([idMunicipio], [idDepartamento], [NombreMunicipio]) VALUES (713, 19, N'PIJI—O DEL CARMEN')
INSERT [dbo].[Municipio] ([idMunicipio], [idDepartamento], [NombreMunicipio]) VALUES (714, 19, N'PIVIJAY')
INSERT [dbo].[Municipio] ([idMunicipio], [idDepartamento], [NombreMunicipio]) VALUES (715, 19, N'PLATO')
INSERT [dbo].[Municipio] ([idMunicipio], [idDepartamento], [NombreMunicipio]) VALUES (716, 19, N'PUEBLO VIEJO')
INSERT [dbo].[Municipio] ([idMunicipio], [idDepartamento], [NombreMunicipio]) VALUES (717, 19, N'REMOLINO')
INSERT [dbo].[Municipio] ([idMunicipio], [idDepartamento], [NombreMunicipio]) VALUES (718, 19, N'SABANAS DE SAN ANGEL')
INSERT [dbo].[Municipio] ([idMunicipio], [idDepartamento], [NombreMunicipio]) VALUES (719, 19, N'SALAMINA')
INSERT [dbo].[Municipio] ([idMunicipio], [idDepartamento], [NombreMunicipio]) VALUES (720, 19, N'SAN SEBASTIAN DE BUENAVISTA')
INSERT [dbo].[Municipio] ([idMunicipio], [idDepartamento], [NombreMunicipio]) VALUES (721, 19, N'SAN ZENON')
INSERT [dbo].[Municipio] ([idMunicipio], [idDepartamento], [NombreMunicipio]) VALUES (722, 19, N'SANTA ANA')
INSERT [dbo].[Municipio] ([idMunicipio], [idDepartamento], [NombreMunicipio]) VALUES (723, 19, N'SANTA BARBARA DE PINTO')
INSERT [dbo].[Municipio] ([idMunicipio], [idDepartamento], [NombreMunicipio]) VALUES (724, 19, N'SANTA MARTA')
INSERT [dbo].[Municipio] ([idMunicipio], [idDepartamento], [NombreMunicipio]) VALUES (725, 19, N'SITIONUEVO')
INSERT [dbo].[Municipio] ([idMunicipio], [idDepartamento], [NombreMunicipio]) VALUES (726, 19, N'TENERIFE')
INSERT [dbo].[Municipio] ([idMunicipio], [idDepartamento], [NombreMunicipio]) VALUES (727, 19, N'ZAPAYAN')
INSERT [dbo].[Municipio] ([idMunicipio], [idDepartamento], [NombreMunicipio]) VALUES (728, 19, N'ZONA BANANERA')
INSERT [dbo].[Municipio] ([idMunicipio], [idDepartamento], [NombreMunicipio]) VALUES (729, 20, N'ACACIAS')
INSERT [dbo].[Municipio] ([idMunicipio], [idDepartamento], [NombreMunicipio]) VALUES (730, 20, N'BARRANCA DE UPIA')
INSERT [dbo].[Municipio] ([idMunicipio], [idDepartamento], [NombreMunicipio]) VALUES (731, 20, N'CABUYARO')
INSERT [dbo].[Municipio] ([idMunicipio], [idDepartamento], [NombreMunicipio]) VALUES (732, 20, N'CASTILLA LA NUEVA')
INSERT [dbo].[Municipio] ([idMunicipio], [idDepartamento], [NombreMunicipio]) VALUES (733, 20, N'CUBARRAL')
INSERT [dbo].[Municipio] ([idMunicipio], [idDepartamento], [NombreMunicipio]) VALUES (734, 20, N'CUMARAL')
INSERT [dbo].[Municipio] ([idMunicipio], [idDepartamento], [NombreMunicipio]) VALUES (735, 20, N'EL CALVARIO')
INSERT [dbo].[Municipio] ([idMunicipio], [idDepartamento], [NombreMunicipio]) VALUES (736, 20, N'EL CASTILLO')
INSERT [dbo].[Municipio] ([idMunicipio], [idDepartamento], [NombreMunicipio]) VALUES (737, 20, N'EL DORADO')
INSERT [dbo].[Municipio] ([idMunicipio], [idDepartamento], [NombreMunicipio]) VALUES (738, 20, N'FUENTE DE ORO')
INSERT [dbo].[Municipio] ([idMunicipio], [idDepartamento], [NombreMunicipio]) VALUES (739, 20, N'GRANADA')
INSERT [dbo].[Municipio] ([idMunicipio], [idDepartamento], [NombreMunicipio]) VALUES (740, 20, N'GUAMAL')
INSERT [dbo].[Municipio] ([idMunicipio], [idDepartamento], [NombreMunicipio]) VALUES (741, 20, N'LA MACARENA')
INSERT [dbo].[Municipio] ([idMunicipio], [idDepartamento], [NombreMunicipio]) VALUES (742, 20, N'LA URIBE')
INSERT [dbo].[Municipio] ([idMunicipio], [idDepartamento], [NombreMunicipio]) VALUES (743, 20, N'LEJANÕAS')
INSERT [dbo].[Municipio] ([idMunicipio], [idDepartamento], [NombreMunicipio]) VALUES (744, 20, N'MAPIRIP¡N')
INSERT [dbo].[Municipio] ([idMunicipio], [idDepartamento], [NombreMunicipio]) VALUES (745, 20, N'MESETAS')
INSERT [dbo].[Municipio] ([idMunicipio], [idDepartamento], [NombreMunicipio]) VALUES (746, 20, N'PUERTO CONCORDIA')
INSERT [dbo].[Municipio] ([idMunicipio], [idDepartamento], [NombreMunicipio]) VALUES (747, 20, N'PUERTO GAIT¡N')
INSERT [dbo].[Municipio] ([idMunicipio], [idDepartamento], [NombreMunicipio]) VALUES (748, 20, N'PUERTO LLERAS')
INSERT [dbo].[Municipio] ([idMunicipio], [idDepartamento], [NombreMunicipio]) VALUES (749, 20, N'PUERTO L”PEZ')
INSERT [dbo].[Municipio] ([idMunicipio], [idDepartamento], [NombreMunicipio]) VALUES (750, 20, N'PUERTO RICO')
INSERT [dbo].[Municipio] ([idMunicipio], [idDepartamento], [NombreMunicipio]) VALUES (751, 20, N'RESTREPO')
INSERT [dbo].[Municipio] ([idMunicipio], [idDepartamento], [NombreMunicipio]) VALUES (752, 20, N'SAN  JUAN DE ARAMA')
INSERT [dbo].[Municipio] ([idMunicipio], [idDepartamento], [NombreMunicipio]) VALUES (753, 20, N'SAN CARLOS GUAROA')
INSERT [dbo].[Municipio] ([idMunicipio], [idDepartamento], [NombreMunicipio]) VALUES (754, 20, N'SAN JUANITO')
INSERT [dbo].[Municipio] ([idMunicipio], [idDepartamento], [NombreMunicipio]) VALUES (755, 20, N'SAN MARTÕN')
INSERT [dbo].[Municipio] ([idMunicipio], [idDepartamento], [NombreMunicipio]) VALUES (756, 20, N'VILLAVICENCIO')
INSERT [dbo].[Municipio] ([idMunicipio], [idDepartamento], [NombreMunicipio]) VALUES (757, 20, N'VISTA HERMOSA')
INSERT [dbo].[Municipio] ([idMunicipio], [idDepartamento], [NombreMunicipio]) VALUES (758, 21, N'ALBAN')
INSERT [dbo].[Municipio] ([idMunicipio], [idDepartamento], [NombreMunicipio]) VALUES (759, 21, N'ALDA—A')
INSERT [dbo].[Municipio] ([idMunicipio], [idDepartamento], [NombreMunicipio]) VALUES (760, 21, N'ANCUYA')
INSERT [dbo].[Municipio] ([idMunicipio], [idDepartamento], [NombreMunicipio]) VALUES (761, 21, N'ARBOLEDA')
INSERT [dbo].[Municipio] ([idMunicipio], [idDepartamento], [NombreMunicipio]) VALUES (762, 21, N'BARBACOAS')
INSERT [dbo].[Municipio] ([idMunicipio], [idDepartamento], [NombreMunicipio]) VALUES (763, 21, N'BELEN')
INSERT [dbo].[Municipio] ([idMunicipio], [idDepartamento], [NombreMunicipio]) VALUES (764, 21, N'BUESACO')
INSERT [dbo].[Municipio] ([idMunicipio], [idDepartamento], [NombreMunicipio]) VALUES (765, 21, N'CHACHAGUI')
INSERT [dbo].[Municipio] ([idMunicipio], [idDepartamento], [NombreMunicipio]) VALUES (766, 21, N'COLON (GENOVA)')
INSERT [dbo].[Municipio] ([idMunicipio], [idDepartamento], [NombreMunicipio]) VALUES (767, 21, N'CONSACA')
INSERT [dbo].[Municipio] ([idMunicipio], [idDepartamento], [NombreMunicipio]) VALUES (768, 21, N'CONTADERO')
INSERT [dbo].[Municipio] ([idMunicipio], [idDepartamento], [NombreMunicipio]) VALUES (769, 21, N'CORDOBA')
INSERT [dbo].[Municipio] ([idMunicipio], [idDepartamento], [NombreMunicipio]) VALUES (770, 21, N'CUASPUD')
INSERT [dbo].[Municipio] ([idMunicipio], [idDepartamento], [NombreMunicipio]) VALUES (771, 21, N'CUMBAL')
INSERT [dbo].[Municipio] ([idMunicipio], [idDepartamento], [NombreMunicipio]) VALUES (772, 21, N'CUMBITARA')
INSERT [dbo].[Municipio] ([idMunicipio], [idDepartamento], [NombreMunicipio]) VALUES (773, 21, N'EL CHARCO')
INSERT [dbo].[Municipio] ([idMunicipio], [idDepartamento], [NombreMunicipio]) VALUES (774, 21, N'EL PE—OL')
INSERT [dbo].[Municipio] ([idMunicipio], [idDepartamento], [NombreMunicipio]) VALUES (775, 21, N'EL ROSARIO')
INSERT [dbo].[Municipio] ([idMunicipio], [idDepartamento], [NombreMunicipio]) VALUES (776, 21, N'EL TABL”N')
INSERT [dbo].[Municipio] ([idMunicipio], [idDepartamento], [NombreMunicipio]) VALUES (777, 21, N'EL TAMBO')
INSERT [dbo].[Municipio] ([idMunicipio], [idDepartamento], [NombreMunicipio]) VALUES (778, 21, N'FUNES')
INSERT [dbo].[Municipio] ([idMunicipio], [idDepartamento], [NombreMunicipio]) VALUES (779, 21, N'GUACHUCAL')
INSERT [dbo].[Municipio] ([idMunicipio], [idDepartamento], [NombreMunicipio]) VALUES (780, 21, N'GUAITARILLA')
INSERT [dbo].[Municipio] ([idMunicipio], [idDepartamento], [NombreMunicipio]) VALUES (781, 21, N'GUALMATAN')
INSERT [dbo].[Municipio] ([idMunicipio], [idDepartamento], [NombreMunicipio]) VALUES (782, 21, N'ILES')
INSERT [dbo].[Municipio] ([idMunicipio], [idDepartamento], [NombreMunicipio]) VALUES (783, 21, N'IMUES')
INSERT [dbo].[Municipio] ([idMunicipio], [idDepartamento], [NombreMunicipio]) VALUES (784, 21, N'IPIALES')
INSERT [dbo].[Municipio] ([idMunicipio], [idDepartamento], [NombreMunicipio]) VALUES (785, 21, N'LA CRUZ')
INSERT [dbo].[Municipio] ([idMunicipio], [idDepartamento], [NombreMunicipio]) VALUES (786, 21, N'LA FLORIDA')
INSERT [dbo].[Municipio] ([idMunicipio], [idDepartamento], [NombreMunicipio]) VALUES (787, 21, N'LA LLANADA')
INSERT [dbo].[Municipio] ([idMunicipio], [idDepartamento], [NombreMunicipio]) VALUES (788, 21, N'LA TOLA')
INSERT [dbo].[Municipio] ([idMunicipio], [idDepartamento], [NombreMunicipio]) VALUES (789, 21, N'LA UNION')
INSERT [dbo].[Municipio] ([idMunicipio], [idDepartamento], [NombreMunicipio]) VALUES (790, 21, N'LEIVA')
INSERT [dbo].[Municipio] ([idMunicipio], [idDepartamento], [NombreMunicipio]) VALUES (791, 21, N'LINARES')
INSERT [dbo].[Municipio] ([idMunicipio], [idDepartamento], [NombreMunicipio]) VALUES (792, 21, N'LOS ANDES')
INSERT [dbo].[Municipio] ([idMunicipio], [idDepartamento], [NombreMunicipio]) VALUES (793, 21, N'MAGUI')
INSERT [dbo].[Municipio] ([idMunicipio], [idDepartamento], [NombreMunicipio]) VALUES (794, 21, N'MALLAMA')
INSERT [dbo].[Municipio] ([idMunicipio], [idDepartamento], [NombreMunicipio]) VALUES (795, 21, N'MOSQUEZA')
INSERT [dbo].[Municipio] ([idMunicipio], [idDepartamento], [NombreMunicipio]) VALUES (796, 21, N'NARI—O')
INSERT [dbo].[Municipio] ([idMunicipio], [idDepartamento], [NombreMunicipio]) VALUES (797, 21, N'OLAYA HERRERA')
INSERT [dbo].[Municipio] ([idMunicipio], [idDepartamento], [NombreMunicipio]) VALUES (798, 21, N'OSPINA')
INSERT [dbo].[Municipio] ([idMunicipio], [idDepartamento], [NombreMunicipio]) VALUES (799, 21, N'PASTO')
INSERT [dbo].[Municipio] ([idMunicipio], [idDepartamento], [NombreMunicipio]) VALUES (800, 21, N'PIZARRO')
GO
INSERT [dbo].[Municipio] ([idMunicipio], [idDepartamento], [NombreMunicipio]) VALUES (801, 21, N'POLICARPA')
INSERT [dbo].[Municipio] ([idMunicipio], [idDepartamento], [NombreMunicipio]) VALUES (802, 21, N'POTOSI')
INSERT [dbo].[Municipio] ([idMunicipio], [idDepartamento], [NombreMunicipio]) VALUES (803, 21, N'PROVIDENCIA')
INSERT [dbo].[Municipio] ([idMunicipio], [idDepartamento], [NombreMunicipio]) VALUES (804, 21, N'PUERRES')
INSERT [dbo].[Municipio] ([idMunicipio], [idDepartamento], [NombreMunicipio]) VALUES (805, 21, N'PUPIALES')
INSERT [dbo].[Municipio] ([idMunicipio], [idDepartamento], [NombreMunicipio]) VALUES (806, 21, N'RICAURTE')
INSERT [dbo].[Municipio] ([idMunicipio], [idDepartamento], [NombreMunicipio]) VALUES (807, 21, N'ROBERTO PAYAN')
INSERT [dbo].[Municipio] ([idMunicipio], [idDepartamento], [NombreMunicipio]) VALUES (808, 21, N'SAMANIEGO')
INSERT [dbo].[Municipio] ([idMunicipio], [idDepartamento], [NombreMunicipio]) VALUES (809, 21, N'SAN BERNARDO')
INSERT [dbo].[Municipio] ([idMunicipio], [idDepartamento], [NombreMunicipio]) VALUES (810, 21, N'SAN LORENZO')
INSERT [dbo].[Municipio] ([idMunicipio], [idDepartamento], [NombreMunicipio]) VALUES (811, 21, N'SAN PABLO')
INSERT [dbo].[Municipio] ([idMunicipio], [idDepartamento], [NombreMunicipio]) VALUES (812, 21, N'SAN PEDRO DE CARTAGO')
INSERT [dbo].[Municipio] ([idMunicipio], [idDepartamento], [NombreMunicipio]) VALUES (813, 21, N'SANDONA')
INSERT [dbo].[Municipio] ([idMunicipio], [idDepartamento], [NombreMunicipio]) VALUES (814, 21, N'SANTA BARBARA')
INSERT [dbo].[Municipio] ([idMunicipio], [idDepartamento], [NombreMunicipio]) VALUES (815, 21, N'SANTACRUZ')
INSERT [dbo].[Municipio] ([idMunicipio], [idDepartamento], [NombreMunicipio]) VALUES (816, 21, N'SAPUYES')
INSERT [dbo].[Municipio] ([idMunicipio], [idDepartamento], [NombreMunicipio]) VALUES (817, 21, N'TAMINANGO')
INSERT [dbo].[Municipio] ([idMunicipio], [idDepartamento], [NombreMunicipio]) VALUES (818, 21, N'TANGUA')
INSERT [dbo].[Municipio] ([idMunicipio], [idDepartamento], [NombreMunicipio]) VALUES (819, 21, N'TUMACO')
INSERT [dbo].[Municipio] ([idMunicipio], [idDepartamento], [NombreMunicipio]) VALUES (820, 21, N'TUQUERRES')
INSERT [dbo].[Municipio] ([idMunicipio], [idDepartamento], [NombreMunicipio]) VALUES (821, 21, N'YACUANQUER')
INSERT [dbo].[Municipio] ([idMunicipio], [idDepartamento], [NombreMunicipio]) VALUES (822, 22, N'ABREGO')
INSERT [dbo].[Municipio] ([idMunicipio], [idDepartamento], [NombreMunicipio]) VALUES (823, 22, N'ARBOLEDAS')
INSERT [dbo].[Municipio] ([idMunicipio], [idDepartamento], [NombreMunicipio]) VALUES (824, 22, N'BOCHALEMA')
INSERT [dbo].[Municipio] ([idMunicipio], [idDepartamento], [NombreMunicipio]) VALUES (825, 22, N'BUCARASICA')
INSERT [dbo].[Municipio] ([idMunicipio], [idDepartamento], [NombreMunicipio]) VALUES (826, 22, N'C¡CHIRA')
INSERT [dbo].[Municipio] ([idMunicipio], [idDepartamento], [NombreMunicipio]) VALUES (827, 22, N'C¡COTA')
INSERT [dbo].[Municipio] ([idMunicipio], [idDepartamento], [NombreMunicipio]) VALUES (828, 22, N'CHIN¡COTA')
INSERT [dbo].[Municipio] ([idMunicipio], [idDepartamento], [NombreMunicipio]) VALUES (829, 22, N'CHITAG¡')
INSERT [dbo].[Municipio] ([idMunicipio], [idDepartamento], [NombreMunicipio]) VALUES (830, 22, N'CONVENCI”N')
INSERT [dbo].[Municipio] ([idMunicipio], [idDepartamento], [NombreMunicipio]) VALUES (831, 22, N'C⁄CUTA')
INSERT [dbo].[Municipio] ([idMunicipio], [idDepartamento], [NombreMunicipio]) VALUES (832, 22, N'CUCUTILLA')
INSERT [dbo].[Municipio] ([idMunicipio], [idDepartamento], [NombreMunicipio]) VALUES (833, 22, N'DURANIA')
INSERT [dbo].[Municipio] ([idMunicipio], [idDepartamento], [NombreMunicipio]) VALUES (834, 22, N'EL CARMEN')
INSERT [dbo].[Municipio] ([idMunicipio], [idDepartamento], [NombreMunicipio]) VALUES (835, 22, N'EL TARRA')
INSERT [dbo].[Municipio] ([idMunicipio], [idDepartamento], [NombreMunicipio]) VALUES (836, 22, N'EL ZULIA')
INSERT [dbo].[Municipio] ([idMunicipio], [idDepartamento], [NombreMunicipio]) VALUES (837, 22, N'GRAMALOTE')
INSERT [dbo].[Municipio] ([idMunicipio], [idDepartamento], [NombreMunicipio]) VALUES (838, 22, N'HACARI')
INSERT [dbo].[Municipio] ([idMunicipio], [idDepartamento], [NombreMunicipio]) VALUES (839, 22, N'HERR¡N')
INSERT [dbo].[Municipio] ([idMunicipio], [idDepartamento], [NombreMunicipio]) VALUES (840, 22, N'LA ESPERANZA')
INSERT [dbo].[Municipio] ([idMunicipio], [idDepartamento], [NombreMunicipio]) VALUES (841, 22, N'LA PLAYA')
INSERT [dbo].[Municipio] ([idMunicipio], [idDepartamento], [NombreMunicipio]) VALUES (842, 22, N'LABATECA')
INSERT [dbo].[Municipio] ([idMunicipio], [idDepartamento], [NombreMunicipio]) VALUES (843, 22, N'LOS PATIOS')
INSERT [dbo].[Municipio] ([idMunicipio], [idDepartamento], [NombreMunicipio]) VALUES (844, 22, N'LOURDES')
INSERT [dbo].[Municipio] ([idMunicipio], [idDepartamento], [NombreMunicipio]) VALUES (845, 22, N'MUTISCUA')
INSERT [dbo].[Municipio] ([idMunicipio], [idDepartamento], [NombreMunicipio]) VALUES (846, 22, N'OCA—A')
INSERT [dbo].[Municipio] ([idMunicipio], [idDepartamento], [NombreMunicipio]) VALUES (847, 22, N'PAMPLONA')
INSERT [dbo].[Municipio] ([idMunicipio], [idDepartamento], [NombreMunicipio]) VALUES (848, 22, N'PAMPLONITA')
INSERT [dbo].[Municipio] ([idMunicipio], [idDepartamento], [NombreMunicipio]) VALUES (849, 22, N'PUERTO SANTANDER')
INSERT [dbo].[Municipio] ([idMunicipio], [idDepartamento], [NombreMunicipio]) VALUES (850, 22, N'RAGONVALIA')
INSERT [dbo].[Municipio] ([idMunicipio], [idDepartamento], [NombreMunicipio]) VALUES (851, 22, N'SALAZAR')
INSERT [dbo].[Municipio] ([idMunicipio], [idDepartamento], [NombreMunicipio]) VALUES (852, 22, N'SAN CALIXTO')
INSERT [dbo].[Municipio] ([idMunicipio], [idDepartamento], [NombreMunicipio]) VALUES (853, 22, N'SAN CAYETANO')
INSERT [dbo].[Municipio] ([idMunicipio], [idDepartamento], [NombreMunicipio]) VALUES (854, 22, N'SANTIAGO')
INSERT [dbo].[Municipio] ([idMunicipio], [idDepartamento], [NombreMunicipio]) VALUES (855, 22, N'SARDINATA')
INSERT [dbo].[Municipio] ([idMunicipio], [idDepartamento], [NombreMunicipio]) VALUES (856, 22, N'SILOS')
INSERT [dbo].[Municipio] ([idMunicipio], [idDepartamento], [NombreMunicipio]) VALUES (857, 22, N'TEORAMA')
INSERT [dbo].[Municipio] ([idMunicipio], [idDepartamento], [NombreMunicipio]) VALUES (858, 22, N'TIB⁄')
INSERT [dbo].[Municipio] ([idMunicipio], [idDepartamento], [NombreMunicipio]) VALUES (859, 22, N'TOLEDO')
INSERT [dbo].[Municipio] ([idMunicipio], [idDepartamento], [NombreMunicipio]) VALUES (860, 22, N'VILLA CARO')
INSERT [dbo].[Municipio] ([idMunicipio], [idDepartamento], [NombreMunicipio]) VALUES (861, 22, N'VILLA DEL ROSARIO')
INSERT [dbo].[Municipio] ([idMunicipio], [idDepartamento], [NombreMunicipio]) VALUES (862, 23, N'COL”N')
INSERT [dbo].[Municipio] ([idMunicipio], [idDepartamento], [NombreMunicipio]) VALUES (863, 23, N'MOCOA')
INSERT [dbo].[Municipio] ([idMunicipio], [idDepartamento], [NombreMunicipio]) VALUES (864, 23, N'ORITO')
INSERT [dbo].[Municipio] ([idMunicipio], [idDepartamento], [NombreMunicipio]) VALUES (865, 23, N'PUERTO ASÕS')
INSERT [dbo].[Municipio] ([idMunicipio], [idDepartamento], [NombreMunicipio]) VALUES (866, 23, N'PUERTO CAYCEDO')
INSERT [dbo].[Municipio] ([idMunicipio], [idDepartamento], [NombreMunicipio]) VALUES (867, 23, N'PUERTO GUZM¡N')
INSERT [dbo].[Municipio] ([idMunicipio], [idDepartamento], [NombreMunicipio]) VALUES (868, 23, N'PUERTO LEGUÕZAMO')
INSERT [dbo].[Municipio] ([idMunicipio], [idDepartamento], [NombreMunicipio]) VALUES (869, 23, N'SAN FRANCISCO')
INSERT [dbo].[Municipio] ([idMunicipio], [idDepartamento], [NombreMunicipio]) VALUES (870, 23, N'SAN MIGUEL')
INSERT [dbo].[Municipio] ([idMunicipio], [idDepartamento], [NombreMunicipio]) VALUES (871, 23, N'SANTIAGO')
INSERT [dbo].[Municipio] ([idMunicipio], [idDepartamento], [NombreMunicipio]) VALUES (872, 23, N'SIBUNDOY')
INSERT [dbo].[Municipio] ([idMunicipio], [idDepartamento], [NombreMunicipio]) VALUES (873, 23, N'VALLE DEL GUAMUEZ')
INSERT [dbo].[Municipio] ([idMunicipio], [idDepartamento], [NombreMunicipio]) VALUES (874, 23, N'VILLAGARZ”N')
INSERT [dbo].[Municipio] ([idMunicipio], [idDepartamento], [NombreMunicipio]) VALUES (875, 24, N'ARMENIA')
INSERT [dbo].[Municipio] ([idMunicipio], [idDepartamento], [NombreMunicipio]) VALUES (876, 24, N'BUENAVISTA')
INSERT [dbo].[Municipio] ([idMunicipio], [idDepartamento], [NombreMunicipio]) VALUES (877, 24, N'CALARC¡')
INSERT [dbo].[Municipio] ([idMunicipio], [idDepartamento], [NombreMunicipio]) VALUES (878, 24, N'CIRCASIA')
INSERT [dbo].[Municipio] ([idMunicipio], [idDepartamento], [NombreMunicipio]) VALUES (879, 24, N'C”RDOBA')
INSERT [dbo].[Municipio] ([idMunicipio], [idDepartamento], [NombreMunicipio]) VALUES (880, 24, N'FILANDIA')
INSERT [dbo].[Municipio] ([idMunicipio], [idDepartamento], [NombreMunicipio]) VALUES (881, 24, N'G…NOVA')
INSERT [dbo].[Municipio] ([idMunicipio], [idDepartamento], [NombreMunicipio]) VALUES (882, 24, N'LA TEBAIDA')
INSERT [dbo].[Municipio] ([idMunicipio], [idDepartamento], [NombreMunicipio]) VALUES (883, 24, N'MONTENEGRO')
INSERT [dbo].[Municipio] ([idMunicipio], [idDepartamento], [NombreMunicipio]) VALUES (884, 24, N'PIJAO')
INSERT [dbo].[Municipio] ([idMunicipio], [idDepartamento], [NombreMunicipio]) VALUES (885, 24, N'QUIMBAYA')
INSERT [dbo].[Municipio] ([idMunicipio], [idDepartamento], [NombreMunicipio]) VALUES (886, 24, N'SALENTO')
INSERT [dbo].[Municipio] ([idMunicipio], [idDepartamento], [NombreMunicipio]) VALUES (887, 25, N'APIA')
INSERT [dbo].[Municipio] ([idMunicipio], [idDepartamento], [NombreMunicipio]) VALUES (888, 25, N'BALBOA')
INSERT [dbo].[Municipio] ([idMunicipio], [idDepartamento], [NombreMunicipio]) VALUES (889, 25, N'BEL…N DE UMBRÕA')
INSERT [dbo].[Municipio] ([idMunicipio], [idDepartamento], [NombreMunicipio]) VALUES (890, 25, N'DOS QUEBRADAS')
INSERT [dbo].[Municipio] ([idMunicipio], [idDepartamento], [NombreMunicipio]) VALUES (891, 25, N'GUATICA')
INSERT [dbo].[Municipio] ([idMunicipio], [idDepartamento], [NombreMunicipio]) VALUES (892, 25, N'LA CELIA')
INSERT [dbo].[Municipio] ([idMunicipio], [idDepartamento], [NombreMunicipio]) VALUES (893, 25, N'LA VIRGINIA')
INSERT [dbo].[Municipio] ([idMunicipio], [idDepartamento], [NombreMunicipio]) VALUES (894, 25, N'MARSELLA')
INSERT [dbo].[Municipio] ([idMunicipio], [idDepartamento], [NombreMunicipio]) VALUES (895, 25, N'MISTRATO')
INSERT [dbo].[Municipio] ([idMunicipio], [idDepartamento], [NombreMunicipio]) VALUES (896, 25, N'PEREIRA')
INSERT [dbo].[Municipio] ([idMunicipio], [idDepartamento], [NombreMunicipio]) VALUES (897, 25, N'PUEBLO RICO')
INSERT [dbo].[Municipio] ([idMunicipio], [idDepartamento], [NombreMunicipio]) VALUES (898, 25, N'QUINCHÕA')
INSERT [dbo].[Municipio] ([idMunicipio], [idDepartamento], [NombreMunicipio]) VALUES (899, 25, N'SANTA ROSA DE CABAL')
INSERT [dbo].[Municipio] ([idMunicipio], [idDepartamento], [NombreMunicipio]) VALUES (900, 25, N'SANTUARIO')
GO
INSERT [dbo].[Municipio] ([idMunicipio], [idDepartamento], [NombreMunicipio]) VALUES (901, 26, N'PROVIDENCIA')
INSERT [dbo].[Municipio] ([idMunicipio], [idDepartamento], [NombreMunicipio]) VALUES (902, 26, N'SAN ANDRES')
INSERT [dbo].[Municipio] ([idMunicipio], [idDepartamento], [NombreMunicipio]) VALUES (903, 26, N'SANTA CATALINA')
INSERT [dbo].[Municipio] ([idMunicipio], [idDepartamento], [NombreMunicipio]) VALUES (904, 27, N'AGUADA')
INSERT [dbo].[Municipio] ([idMunicipio], [idDepartamento], [NombreMunicipio]) VALUES (905, 27, N'ALBANIA')
INSERT [dbo].[Municipio] ([idMunicipio], [idDepartamento], [NombreMunicipio]) VALUES (906, 27, N'ARATOCA')
INSERT [dbo].[Municipio] ([idMunicipio], [idDepartamento], [NombreMunicipio]) VALUES (907, 27, N'BARBOSA')
INSERT [dbo].[Municipio] ([idMunicipio], [idDepartamento], [NombreMunicipio]) VALUES (908, 27, N'BARICHARA')
INSERT [dbo].[Municipio] ([idMunicipio], [idDepartamento], [NombreMunicipio]) VALUES (909, 27, N'BARRANCABERMEJA')
INSERT [dbo].[Municipio] ([idMunicipio], [idDepartamento], [NombreMunicipio]) VALUES (910, 27, N'BETULIA')
INSERT [dbo].[Municipio] ([idMunicipio], [idDepartamento], [NombreMunicipio]) VALUES (911, 27, N'BOLÕVAR')
INSERT [dbo].[Municipio] ([idMunicipio], [idDepartamento], [NombreMunicipio]) VALUES (912, 27, N'BUCARAMANGA')
INSERT [dbo].[Municipio] ([idMunicipio], [idDepartamento], [NombreMunicipio]) VALUES (913, 27, N'CABRERA')
INSERT [dbo].[Municipio] ([idMunicipio], [idDepartamento], [NombreMunicipio]) VALUES (914, 27, N'CALIFORNIA')
INSERT [dbo].[Municipio] ([idMunicipio], [idDepartamento], [NombreMunicipio]) VALUES (915, 27, N'CAPITANEJO')
INSERT [dbo].[Municipio] ([idMunicipio], [idDepartamento], [NombreMunicipio]) VALUES (916, 27, N'CARCASI')
INSERT [dbo].[Municipio] ([idMunicipio], [idDepartamento], [NombreMunicipio]) VALUES (917, 27, N'CEPITA')
INSERT [dbo].[Municipio] ([idMunicipio], [idDepartamento], [NombreMunicipio]) VALUES (918, 27, N'CERRITO')
INSERT [dbo].[Municipio] ([idMunicipio], [idDepartamento], [NombreMunicipio]) VALUES (919, 27, N'CHARAL¡')
INSERT [dbo].[Municipio] ([idMunicipio], [idDepartamento], [NombreMunicipio]) VALUES (920, 27, N'CHARTA')
INSERT [dbo].[Municipio] ([idMunicipio], [idDepartamento], [NombreMunicipio]) VALUES (921, 27, N'CHIMA')
INSERT [dbo].[Municipio] ([idMunicipio], [idDepartamento], [NombreMunicipio]) VALUES (922, 27, N'CHIPAT¡')
INSERT [dbo].[Municipio] ([idMunicipio], [idDepartamento], [NombreMunicipio]) VALUES (923, 27, N'CIMITARRA')
INSERT [dbo].[Municipio] ([idMunicipio], [idDepartamento], [NombreMunicipio]) VALUES (924, 27, N'CONCEPCI”N')
INSERT [dbo].[Municipio] ([idMunicipio], [idDepartamento], [NombreMunicipio]) VALUES (925, 27, N'CONFINES')
INSERT [dbo].[Municipio] ([idMunicipio], [idDepartamento], [NombreMunicipio]) VALUES (926, 27, N'CONTRATACI”N')
INSERT [dbo].[Municipio] ([idMunicipio], [idDepartamento], [NombreMunicipio]) VALUES (927, 27, N'COROMORO')
INSERT [dbo].[Municipio] ([idMunicipio], [idDepartamento], [NombreMunicipio]) VALUES (928, 27, N'CURITÕ')
INSERT [dbo].[Municipio] ([idMunicipio], [idDepartamento], [NombreMunicipio]) VALUES (929, 27, N'EL CARMEN')
INSERT [dbo].[Municipio] ([idMunicipio], [idDepartamento], [NombreMunicipio]) VALUES (930, 27, N'EL GUACAMAYO')
INSERT [dbo].[Municipio] ([idMunicipio], [idDepartamento], [NombreMunicipio]) VALUES (931, 27, N'EL PE—”N')
INSERT [dbo].[Municipio] ([idMunicipio], [idDepartamento], [NombreMunicipio]) VALUES (932, 27, N'EL PLAY”N')
INSERT [dbo].[Municipio] ([idMunicipio], [idDepartamento], [NombreMunicipio]) VALUES (933, 27, N'ENCINO')
INSERT [dbo].[Municipio] ([idMunicipio], [idDepartamento], [NombreMunicipio]) VALUES (934, 27, N'ENCISO')
INSERT [dbo].[Municipio] ([idMunicipio], [idDepartamento], [NombreMunicipio]) VALUES (935, 27, N'FLORI¡N')
INSERT [dbo].[Municipio] ([idMunicipio], [idDepartamento], [NombreMunicipio]) VALUES (936, 27, N'FLORIDABLANCA')
INSERT [dbo].[Municipio] ([idMunicipio], [idDepartamento], [NombreMunicipio]) VALUES (937, 27, N'GAL¡N')
INSERT [dbo].[Municipio] ([idMunicipio], [idDepartamento], [NombreMunicipio]) VALUES (938, 27, N'GAMBITA')
INSERT [dbo].[Municipio] ([idMunicipio], [idDepartamento], [NombreMunicipio]) VALUES (939, 27, N'GIR”N')
INSERT [dbo].[Municipio] ([idMunicipio], [idDepartamento], [NombreMunicipio]) VALUES (940, 27, N'GUACA')
INSERT [dbo].[Municipio] ([idMunicipio], [idDepartamento], [NombreMunicipio]) VALUES (941, 27, N'GUADALUPE')
INSERT [dbo].[Municipio] ([idMunicipio], [idDepartamento], [NombreMunicipio]) VALUES (942, 27, N'GUAPOTA')
INSERT [dbo].[Municipio] ([idMunicipio], [idDepartamento], [NombreMunicipio]) VALUES (943, 27, N'GUAVAT¡')
INSERT [dbo].[Municipio] ([idMunicipio], [idDepartamento], [NombreMunicipio]) VALUES (944, 27, N'GUEPSA')
INSERT [dbo].[Municipio] ([idMunicipio], [idDepartamento], [NombreMunicipio]) VALUES (945, 27, N'HATO')
INSERT [dbo].[Municipio] ([idMunicipio], [idDepartamento], [NombreMunicipio]) VALUES (946, 27, N'JES⁄S MARIA')
INSERT [dbo].[Municipio] ([idMunicipio], [idDepartamento], [NombreMunicipio]) VALUES (947, 27, N'JORD¡N')
INSERT [dbo].[Municipio] ([idMunicipio], [idDepartamento], [NombreMunicipio]) VALUES (948, 27, N'LA BELLEZA')
INSERT [dbo].[Municipio] ([idMunicipio], [idDepartamento], [NombreMunicipio]) VALUES (949, 27, N'LA PAZ')
INSERT [dbo].[Municipio] ([idMunicipio], [idDepartamento], [NombreMunicipio]) VALUES (950, 27, N'LANDAZURI')
INSERT [dbo].[Municipio] ([idMunicipio], [idDepartamento], [NombreMunicipio]) VALUES (951, 27, N'LEBRIJA')
INSERT [dbo].[Municipio] ([idMunicipio], [idDepartamento], [NombreMunicipio]) VALUES (952, 27, N'LOS SANTOS')
INSERT [dbo].[Municipio] ([idMunicipio], [idDepartamento], [NombreMunicipio]) VALUES (953, 27, N'MACARAVITA')
INSERT [dbo].[Municipio] ([idMunicipio], [idDepartamento], [NombreMunicipio]) VALUES (954, 27, N'M¡LAGA')
INSERT [dbo].[Municipio] ([idMunicipio], [idDepartamento], [NombreMunicipio]) VALUES (955, 27, N'MATANZA')
INSERT [dbo].[Municipio] ([idMunicipio], [idDepartamento], [NombreMunicipio]) VALUES (956, 27, N'MOGOTES')
INSERT [dbo].[Municipio] ([idMunicipio], [idDepartamento], [NombreMunicipio]) VALUES (957, 27, N'MOLAGAVITA')
INSERT [dbo].[Municipio] ([idMunicipio], [idDepartamento], [NombreMunicipio]) VALUES (958, 27, N'OCAMONTE')
INSERT [dbo].[Municipio] ([idMunicipio], [idDepartamento], [NombreMunicipio]) VALUES (959, 27, N'OIBA')
INSERT [dbo].[Municipio] ([idMunicipio], [idDepartamento], [NombreMunicipio]) VALUES (960, 27, N'ONZAGA')
INSERT [dbo].[Municipio] ([idMunicipio], [idDepartamento], [NombreMunicipio]) VALUES (961, 27, N'PALMAR')
INSERT [dbo].[Municipio] ([idMunicipio], [idDepartamento], [NombreMunicipio]) VALUES (962, 27, N'PALMAS DEL SOCORRO')
INSERT [dbo].[Municipio] ([idMunicipio], [idDepartamento], [NombreMunicipio]) VALUES (963, 27, N'P¡RAMO')
INSERT [dbo].[Municipio] ([idMunicipio], [idDepartamento], [NombreMunicipio]) VALUES (964, 27, N'PIEDECUESTA')
INSERT [dbo].[Municipio] ([idMunicipio], [idDepartamento], [NombreMunicipio]) VALUES (965, 27, N'PINCHOTE')
INSERT [dbo].[Municipio] ([idMunicipio], [idDepartamento], [NombreMunicipio]) VALUES (966, 27, N'PUENTE NACIONAL')
INSERT [dbo].[Municipio] ([idMunicipio], [idDepartamento], [NombreMunicipio]) VALUES (967, 27, N'PUERTO PARRA')
INSERT [dbo].[Municipio] ([idMunicipio], [idDepartamento], [NombreMunicipio]) VALUES (968, 27, N'PUERTO WILCHES')
INSERT [dbo].[Municipio] ([idMunicipio], [idDepartamento], [NombreMunicipio]) VALUES (969, 27, N'RIONEGRO')
INSERT [dbo].[Municipio] ([idMunicipio], [idDepartamento], [NombreMunicipio]) VALUES (970, 27, N'SABANA DE TORRES')
INSERT [dbo].[Municipio] ([idMunicipio], [idDepartamento], [NombreMunicipio]) VALUES (971, 27, N'SAN ANDR…S')
INSERT [dbo].[Municipio] ([idMunicipio], [idDepartamento], [NombreMunicipio]) VALUES (972, 27, N'SAN BENITO')
INSERT [dbo].[Municipio] ([idMunicipio], [idDepartamento], [NombreMunicipio]) VALUES (973, 27, N'SAN GIL')
INSERT [dbo].[Municipio] ([idMunicipio], [idDepartamento], [NombreMunicipio]) VALUES (974, 27, N'SAN JOAQUÕN')
INSERT [dbo].[Municipio] ([idMunicipio], [idDepartamento], [NombreMunicipio]) VALUES (975, 27, N'SAN JOS… DE MIRANDA')
INSERT [dbo].[Municipio] ([idMunicipio], [idDepartamento], [NombreMunicipio]) VALUES (976, 27, N'SAN MIGUEL')
INSERT [dbo].[Municipio] ([idMunicipio], [idDepartamento], [NombreMunicipio]) VALUES (977, 27, N'SAN VICENTE DE CHUCURÕ')
INSERT [dbo].[Municipio] ([idMunicipio], [idDepartamento], [NombreMunicipio]) VALUES (978, 27, N'SANTA B¡RBARA')
INSERT [dbo].[Municipio] ([idMunicipio], [idDepartamento], [NombreMunicipio]) VALUES (979, 27, N'SANTA HELENA')
INSERT [dbo].[Municipio] ([idMunicipio], [idDepartamento], [NombreMunicipio]) VALUES (980, 27, N'SIMACOTA')
INSERT [dbo].[Municipio] ([idMunicipio], [idDepartamento], [NombreMunicipio]) VALUES (981, 27, N'SOCORRO')
INSERT [dbo].[Municipio] ([idMunicipio], [idDepartamento], [NombreMunicipio]) VALUES (982, 27, N'SUAITA')
INSERT [dbo].[Municipio] ([idMunicipio], [idDepartamento], [NombreMunicipio]) VALUES (983, 27, N'SUCRE')
INSERT [dbo].[Municipio] ([idMunicipio], [idDepartamento], [NombreMunicipio]) VALUES (984, 27, N'SURATA')
INSERT [dbo].[Municipio] ([idMunicipio], [idDepartamento], [NombreMunicipio]) VALUES (985, 27, N'TONA')
INSERT [dbo].[Municipio] ([idMunicipio], [idDepartamento], [NombreMunicipio]) VALUES (986, 27, N'VALLE SAN JOS…')
INSERT [dbo].[Municipio] ([idMunicipio], [idDepartamento], [NombreMunicipio]) VALUES (987, 27, N'V…LEZ')
INSERT [dbo].[Municipio] ([idMunicipio], [idDepartamento], [NombreMunicipio]) VALUES (988, 27, N'VETAS')
INSERT [dbo].[Municipio] ([idMunicipio], [idDepartamento], [NombreMunicipio]) VALUES (989, 27, N'VILLANUEVA')
INSERT [dbo].[Municipio] ([idMunicipio], [idDepartamento], [NombreMunicipio]) VALUES (990, 27, N'ZAPATOCA')
INSERT [dbo].[Municipio] ([idMunicipio], [idDepartamento], [NombreMunicipio]) VALUES (991, 28, N'BUENAVISTA')
INSERT [dbo].[Municipio] ([idMunicipio], [idDepartamento], [NombreMunicipio]) VALUES (992, 28, N'CAIMITO')
INSERT [dbo].[Municipio] ([idMunicipio], [idDepartamento], [NombreMunicipio]) VALUES (993, 28, N'CHAL¡N')
INSERT [dbo].[Municipio] ([idMunicipio], [idDepartamento], [NombreMunicipio]) VALUES (994, 28, N'COLOSO')
INSERT [dbo].[Municipio] ([idMunicipio], [idDepartamento], [NombreMunicipio]) VALUES (995, 28, N'COROZAL')
INSERT [dbo].[Municipio] ([idMunicipio], [idDepartamento], [NombreMunicipio]) VALUES (996, 28, N'EL ROBLE')
INSERT [dbo].[Municipio] ([idMunicipio], [idDepartamento], [NombreMunicipio]) VALUES (997, 28, N'GALERAS')
INSERT [dbo].[Municipio] ([idMunicipio], [idDepartamento], [NombreMunicipio]) VALUES (998, 28, N'GUARANDA')
INSERT [dbo].[Municipio] ([idMunicipio], [idDepartamento], [NombreMunicipio]) VALUES (999, 28, N'LA UNI”N')
INSERT [dbo].[Municipio] ([idMunicipio], [idDepartamento], [NombreMunicipio]) VALUES (1000, 28, N'LOS PALMITOS')
GO
INSERT [dbo].[Municipio] ([idMunicipio], [idDepartamento], [NombreMunicipio]) VALUES (1001, 28, N'MAJAGUAL')
INSERT [dbo].[Municipio] ([idMunicipio], [idDepartamento], [NombreMunicipio]) VALUES (1002, 28, N'MORROA')
INSERT [dbo].[Municipio] ([idMunicipio], [idDepartamento], [NombreMunicipio]) VALUES (1003, 28, N'OVEJAS')
INSERT [dbo].[Municipio] ([idMunicipio], [idDepartamento], [NombreMunicipio]) VALUES (1004, 28, N'PALMITO')
INSERT [dbo].[Municipio] ([idMunicipio], [idDepartamento], [NombreMunicipio]) VALUES (1005, 28, N'SAMPUES')
INSERT [dbo].[Municipio] ([idMunicipio], [idDepartamento], [NombreMunicipio]) VALUES (1006, 28, N'SAN BENITO ABAD')
INSERT [dbo].[Municipio] ([idMunicipio], [idDepartamento], [NombreMunicipio]) VALUES (1007, 28, N'SAN JUAN DE BETULIA')
INSERT [dbo].[Municipio] ([idMunicipio], [idDepartamento], [NombreMunicipio]) VALUES (1008, 28, N'SAN MARCOS')
INSERT [dbo].[Municipio] ([idMunicipio], [idDepartamento], [NombreMunicipio]) VALUES (1009, 28, N'SAN ONOFRE')
INSERT [dbo].[Municipio] ([idMunicipio], [idDepartamento], [NombreMunicipio]) VALUES (1010, 28, N'SAN PEDRO')
INSERT [dbo].[Municipio] ([idMunicipio], [idDepartamento], [NombreMunicipio]) VALUES (1011, 28, N'SINC…')
INSERT [dbo].[Municipio] ([idMunicipio], [idDepartamento], [NombreMunicipio]) VALUES (1012, 28, N'SINCELEJO')
INSERT [dbo].[Municipio] ([idMunicipio], [idDepartamento], [NombreMunicipio]) VALUES (1013, 28, N'SUCRE')
INSERT [dbo].[Municipio] ([idMunicipio], [idDepartamento], [NombreMunicipio]) VALUES (1014, 28, N'TOL⁄')
INSERT [dbo].[Municipio] ([idMunicipio], [idDepartamento], [NombreMunicipio]) VALUES (1015, 28, N'TOLUVIEJO')
INSERT [dbo].[Municipio] ([idMunicipio], [idDepartamento], [NombreMunicipio]) VALUES (1016, 29, N'ALPUJARRA')
INSERT [dbo].[Municipio] ([idMunicipio], [idDepartamento], [NombreMunicipio]) VALUES (1017, 29, N'ALVARADO')
INSERT [dbo].[Municipio] ([idMunicipio], [idDepartamento], [NombreMunicipio]) VALUES (1018, 29, N'AMBALEMA')
INSERT [dbo].[Municipio] ([idMunicipio], [idDepartamento], [NombreMunicipio]) VALUES (1019, 29, N'ANZOATEGUI')
INSERT [dbo].[Municipio] ([idMunicipio], [idDepartamento], [NombreMunicipio]) VALUES (1020, 29, N'ARMERO (GUAYABAL)')
INSERT [dbo].[Municipio] ([idMunicipio], [idDepartamento], [NombreMunicipio]) VALUES (1021, 29, N'ATACO')
INSERT [dbo].[Municipio] ([idMunicipio], [idDepartamento], [NombreMunicipio]) VALUES (1022, 29, N'CAJAMARCA')
INSERT [dbo].[Municipio] ([idMunicipio], [idDepartamento], [NombreMunicipio]) VALUES (1023, 29, N'CARMEN DE APICAL¡')
INSERT [dbo].[Municipio] ([idMunicipio], [idDepartamento], [NombreMunicipio]) VALUES (1024, 29, N'CASABIANCA')
INSERT [dbo].[Municipio] ([idMunicipio], [idDepartamento], [NombreMunicipio]) VALUES (1025, 29, N'CHAPARRAL')
INSERT [dbo].[Municipio] ([idMunicipio], [idDepartamento], [NombreMunicipio]) VALUES (1026, 29, N'COELLO')
INSERT [dbo].[Municipio] ([idMunicipio], [idDepartamento], [NombreMunicipio]) VALUES (1027, 29, N'COYAIMA')
INSERT [dbo].[Municipio] ([idMunicipio], [idDepartamento], [NombreMunicipio]) VALUES (1028, 29, N'CUNDAY')
INSERT [dbo].[Municipio] ([idMunicipio], [idDepartamento], [NombreMunicipio]) VALUES (1029, 29, N'DOLORES')
INSERT [dbo].[Municipio] ([idMunicipio], [idDepartamento], [NombreMunicipio]) VALUES (1030, 29, N'ESPINAL')
INSERT [dbo].[Municipio] ([idMunicipio], [idDepartamento], [NombreMunicipio]) VALUES (1031, 29, N'FAL¡N')
INSERT [dbo].[Municipio] ([idMunicipio], [idDepartamento], [NombreMunicipio]) VALUES (1032, 29, N'FLANDES')
INSERT [dbo].[Municipio] ([idMunicipio], [idDepartamento], [NombreMunicipio]) VALUES (1033, 29, N'FRESNO')
INSERT [dbo].[Municipio] ([idMunicipio], [idDepartamento], [NombreMunicipio]) VALUES (1034, 29, N'GUAMO')
INSERT [dbo].[Municipio] ([idMunicipio], [idDepartamento], [NombreMunicipio]) VALUES (1035, 29, N'HERVEO')
INSERT [dbo].[Municipio] ([idMunicipio], [idDepartamento], [NombreMunicipio]) VALUES (1036, 29, N'HONDA')
INSERT [dbo].[Municipio] ([idMunicipio], [idDepartamento], [NombreMunicipio]) VALUES (1037, 29, N'IBAGU…')
INSERT [dbo].[Municipio] ([idMunicipio], [idDepartamento], [NombreMunicipio]) VALUES (1038, 29, N'ICONONZO')
INSERT [dbo].[Municipio] ([idMunicipio], [idDepartamento], [NombreMunicipio]) VALUES (1039, 29, N'L…RIDA')
INSERT [dbo].[Municipio] ([idMunicipio], [idDepartamento], [NombreMunicipio]) VALUES (1040, 29, N'LÕBANO')
INSERT [dbo].[Municipio] ([idMunicipio], [idDepartamento], [NombreMunicipio]) VALUES (1041, 29, N'MARIQUITA')
INSERT [dbo].[Municipio] ([idMunicipio], [idDepartamento], [NombreMunicipio]) VALUES (1042, 29, N'MELGAR')
INSERT [dbo].[Municipio] ([idMunicipio], [idDepartamento], [NombreMunicipio]) VALUES (1043, 29, N'MURILLO')
INSERT [dbo].[Municipio] ([idMunicipio], [idDepartamento], [NombreMunicipio]) VALUES (1044, 29, N'NATAGAIMA')
INSERT [dbo].[Municipio] ([idMunicipio], [idDepartamento], [NombreMunicipio]) VALUES (1045, 29, N'ORTEGA')
INSERT [dbo].[Municipio] ([idMunicipio], [idDepartamento], [NombreMunicipio]) VALUES (1046, 29, N'PALOCABILDO')
INSERT [dbo].[Municipio] ([idMunicipio], [idDepartamento], [NombreMunicipio]) VALUES (1047, 29, N'PIEDRAS PLANADAS')
INSERT [dbo].[Municipio] ([idMunicipio], [idDepartamento], [NombreMunicipio]) VALUES (1048, 29, N'PRADO')
INSERT [dbo].[Municipio] ([idMunicipio], [idDepartamento], [NombreMunicipio]) VALUES (1049, 29, N'PURIFICACI”N')
INSERT [dbo].[Municipio] ([idMunicipio], [idDepartamento], [NombreMunicipio]) VALUES (1050, 29, N'RIOBLANCO')
INSERT [dbo].[Municipio] ([idMunicipio], [idDepartamento], [NombreMunicipio]) VALUES (1051, 29, N'RONCESVALLES')
INSERT [dbo].[Municipio] ([idMunicipio], [idDepartamento], [NombreMunicipio]) VALUES (1052, 29, N'ROVIRA')
INSERT [dbo].[Municipio] ([idMunicipio], [idDepartamento], [NombreMunicipio]) VALUES (1053, 29, N'SALDA—A')
INSERT [dbo].[Municipio] ([idMunicipio], [idDepartamento], [NombreMunicipio]) VALUES (1054, 29, N'SAN ANTONIO')
INSERT [dbo].[Municipio] ([idMunicipio], [idDepartamento], [NombreMunicipio]) VALUES (1055, 29, N'SAN LUIS')
INSERT [dbo].[Municipio] ([idMunicipio], [idDepartamento], [NombreMunicipio]) VALUES (1056, 29, N'SANTA ISABEL')
INSERT [dbo].[Municipio] ([idMunicipio], [idDepartamento], [NombreMunicipio]) VALUES (1057, 29, N'SU¡REZ')
INSERT [dbo].[Municipio] ([idMunicipio], [idDepartamento], [NombreMunicipio]) VALUES (1058, 29, N'VALLE DE SAN JUAN')
INSERT [dbo].[Municipio] ([idMunicipio], [idDepartamento], [NombreMunicipio]) VALUES (1059, 29, N'VENADILLO')
INSERT [dbo].[Municipio] ([idMunicipio], [idDepartamento], [NombreMunicipio]) VALUES (1060, 29, N'VILLAHERMOSA')
INSERT [dbo].[Municipio] ([idMunicipio], [idDepartamento], [NombreMunicipio]) VALUES (1061, 29, N'VILLARRICA')
INSERT [dbo].[Municipio] ([idMunicipio], [idDepartamento], [NombreMunicipio]) VALUES (1062, 30, N'ALCAL¡')
INSERT [dbo].[Municipio] ([idMunicipio], [idDepartamento], [NombreMunicipio]) VALUES (1063, 30, N'ANDALUCÕA')
INSERT [dbo].[Municipio] ([idMunicipio], [idDepartamento], [NombreMunicipio]) VALUES (1064, 30, N'ANSERMA NUEVO')
INSERT [dbo].[Municipio] ([idMunicipio], [idDepartamento], [NombreMunicipio]) VALUES (1065, 30, N'ARGELIA')
INSERT [dbo].[Municipio] ([idMunicipio], [idDepartamento], [NombreMunicipio]) VALUES (1066, 30, N'BOLÕVAR')
INSERT [dbo].[Municipio] ([idMunicipio], [idDepartamento], [NombreMunicipio]) VALUES (1067, 30, N'BUENAVENTURA')
INSERT [dbo].[Municipio] ([idMunicipio], [idDepartamento], [NombreMunicipio]) VALUES (1068, 30, N'BUGA')
INSERT [dbo].[Municipio] ([idMunicipio], [idDepartamento], [NombreMunicipio]) VALUES (1069, 30, N'BUGALAGRANDE')
INSERT [dbo].[Municipio] ([idMunicipio], [idDepartamento], [NombreMunicipio]) VALUES (1070, 30, N'CAICEDONIA')
INSERT [dbo].[Municipio] ([idMunicipio], [idDepartamento], [NombreMunicipio]) VALUES (1071, 30, N'CALI')
INSERT [dbo].[Municipio] ([idMunicipio], [idDepartamento], [NombreMunicipio]) VALUES (1072, 30, N'CALIMA (DARIEN)')
INSERT [dbo].[Municipio] ([idMunicipio], [idDepartamento], [NombreMunicipio]) VALUES (1073, 30, N'CANDELARIA')
INSERT [dbo].[Municipio] ([idMunicipio], [idDepartamento], [NombreMunicipio]) VALUES (1074, 30, N'CARTAGO')
INSERT [dbo].[Municipio] ([idMunicipio], [idDepartamento], [NombreMunicipio]) VALUES (1075, 30, N'DAGUA')
INSERT [dbo].[Municipio] ([idMunicipio], [idDepartamento], [NombreMunicipio]) VALUES (1076, 30, N'EL AGUILA')
INSERT [dbo].[Municipio] ([idMunicipio], [idDepartamento], [NombreMunicipio]) VALUES (1077, 30, N'EL CAIRO')
INSERT [dbo].[Municipio] ([idMunicipio], [idDepartamento], [NombreMunicipio]) VALUES (1078, 30, N'EL CERRITO')
INSERT [dbo].[Municipio] ([idMunicipio], [idDepartamento], [NombreMunicipio]) VALUES (1079, 30, N'EL DOVIO')
INSERT [dbo].[Municipio] ([idMunicipio], [idDepartamento], [NombreMunicipio]) VALUES (1080, 30, N'FLORIDA')
INSERT [dbo].[Municipio] ([idMunicipio], [idDepartamento], [NombreMunicipio]) VALUES (1081, 30, N'GINEBRA GUACARI')
INSERT [dbo].[Municipio] ([idMunicipio], [idDepartamento], [NombreMunicipio]) VALUES (1082, 30, N'JAMUNDÕ')
INSERT [dbo].[Municipio] ([idMunicipio], [idDepartamento], [NombreMunicipio]) VALUES (1083, 30, N'LA CUMBRE')
INSERT [dbo].[Municipio] ([idMunicipio], [idDepartamento], [NombreMunicipio]) VALUES (1084, 30, N'LA UNI”N')
INSERT [dbo].[Municipio] ([idMunicipio], [idDepartamento], [NombreMunicipio]) VALUES (1085, 30, N'LA VICTORIA')
INSERT [dbo].[Municipio] ([idMunicipio], [idDepartamento], [NombreMunicipio]) VALUES (1086, 30, N'OBANDO')
INSERT [dbo].[Municipio] ([idMunicipio], [idDepartamento], [NombreMunicipio]) VALUES (1087, 30, N'PALMIRA')
INSERT [dbo].[Municipio] ([idMunicipio], [idDepartamento], [NombreMunicipio]) VALUES (1088, 30, N'PRADERA')
INSERT [dbo].[Municipio] ([idMunicipio], [idDepartamento], [NombreMunicipio]) VALUES (1089, 30, N'RESTREPO')
INSERT [dbo].[Municipio] ([idMunicipio], [idDepartamento], [NombreMunicipio]) VALUES (1090, 30, N'RIO FRÕO')
INSERT [dbo].[Municipio] ([idMunicipio], [idDepartamento], [NombreMunicipio]) VALUES (1091, 30, N'ROLDANILLO')
INSERT [dbo].[Municipio] ([idMunicipio], [idDepartamento], [NombreMunicipio]) VALUES (1092, 30, N'SAN PEDRO')
INSERT [dbo].[Municipio] ([idMunicipio], [idDepartamento], [NombreMunicipio]) VALUES (1093, 30, N'SEVILLA')
INSERT [dbo].[Municipio] ([idMunicipio], [idDepartamento], [NombreMunicipio]) VALUES (1094, 30, N'TORO')
INSERT [dbo].[Municipio] ([idMunicipio], [idDepartamento], [NombreMunicipio]) VALUES (1095, 30, N'TRUJILLO')
INSERT [dbo].[Municipio] ([idMunicipio], [idDepartamento], [NombreMunicipio]) VALUES (1096, 30, N'TUL⁄A')
INSERT [dbo].[Municipio] ([idMunicipio], [idDepartamento], [NombreMunicipio]) VALUES (1097, 30, N'ULLOA')
INSERT [dbo].[Municipio] ([idMunicipio], [idDepartamento], [NombreMunicipio]) VALUES (1098, 30, N'VERSALLES')
INSERT [dbo].[Municipio] ([idMunicipio], [idDepartamento], [NombreMunicipio]) VALUES (1099, 30, N'VIJES')
INSERT [dbo].[Municipio] ([idMunicipio], [idDepartamento], [NombreMunicipio]) VALUES (1100, 30, N'YOTOCO')
GO
INSERT [dbo].[Municipio] ([idMunicipio], [idDepartamento], [NombreMunicipio]) VALUES (1101, 30, N'YUMBO')
INSERT [dbo].[Municipio] ([idMunicipio], [idDepartamento], [NombreMunicipio]) VALUES (1102, 30, N'ZARZAL')
INSERT [dbo].[Municipio] ([idMunicipio], [idDepartamento], [NombreMunicipio]) VALUES (1103, 31, N'CARUR⁄')
INSERT [dbo].[Municipio] ([idMunicipio], [idDepartamento], [NombreMunicipio]) VALUES (1104, 31, N'MIT⁄')
INSERT [dbo].[Municipio] ([idMunicipio], [idDepartamento], [NombreMunicipio]) VALUES (1105, 31, N'PACOA')
INSERT [dbo].[Municipio] ([idMunicipio], [idDepartamento], [NombreMunicipio]) VALUES (1106, 31, N'PAPUNAUA')
INSERT [dbo].[Municipio] ([idMunicipio], [idDepartamento], [NombreMunicipio]) VALUES (1107, 31, N'TARAIRA')
INSERT [dbo].[Municipio] ([idMunicipio], [idDepartamento], [NombreMunicipio]) VALUES (1108, 31, N'YAVARAT…')
INSERT [dbo].[Municipio] ([idMunicipio], [idDepartamento], [NombreMunicipio]) VALUES (1109, 32, N'CUMARIBO')
INSERT [dbo].[Municipio] ([idMunicipio], [idDepartamento], [NombreMunicipio]) VALUES (1110, 32, N'LA PRIMAVERA')
INSERT [dbo].[Municipio] ([idMunicipio], [idDepartamento], [NombreMunicipio]) VALUES (1111, 32, N'PUERTO CARRE—O')
INSERT [dbo].[Municipio] ([idMunicipio], [idDepartamento], [NombreMunicipio]) VALUES (1112, 32, N'SANTA ROSALIA')

Go
SET IDENTITY_INSERT [dbo].[Usuario] ON 

INSERT [dbo].[Usuario] ([idUsuario], [Nickname], [Rol], [Contrasena], [PreguntaSeguridad], [Respuesta], [EstadoUsuario]) VALUES (1, N'admin', N'Administrador', N'MQAyADMA', N'øCu·l es el nombre de su primer mascota?', N'123', N'A')
INSERT [dbo].[Usuario] ([idUsuario], [Nickname], [Rol], [Contrasena], [PreguntaSeguridad], [Respuesta], [EstadoUsuario]) VALUES (2, N'carlos', N'Empleado', N'MQAyADMA', N'øCu·l es el nombre de su primer mascota?', N'123', N'A')
SET IDENTITY_INSERT [dbo].[Usuario] OFF
go

SET IDENTITY_INSERT [dbo].[Labor] ON 

INSERT [dbo].[Labor] ([idLabor], [NombreLabor], [ModificaArboles], [RequiereInsumo], [Descripcion], [EstadoLabor]) VALUES (1, N'RecolecciÛn', 0, 0, N'prueba', N'A')
INSERT [dbo].[Labor] ([idLabor], [NombreLabor], [ModificaArboles], [RequiereInsumo], [Descripcion], [EstadoLabor]) VALUES (2, N'Siembra', 1, 0, N'Siembra de un nuevo ·rbol', N'A')
INSERT [dbo].[Labor] ([idLabor], [NombreLabor], [ModificaArboles], [RequiereInsumo], [Descripcion], [EstadoLabor]) VALUES (3, N'EliminaciÛn', 1, 0, N'Elimina un tipo de arbol', N'A')
SET IDENTITY_INSERT [dbo].[Labor] OFF

go

SET IDENTITY_INSERT [dbo].[Finca] ON 

INSERT [dbo].[Finca] ([idFinca], [NombreFinca], [Propietario], [idMunicipio], [Vereda], [Telefono], [Cuadras]) VALUES (1, N'La Pava', N'Juan Diego Restrepo', 14, N'La ZocaRe', N'123', N'13458')
SET IDENTITY_INSERT [dbo].[Finca] OFF